timestamp,x,y,tile,map_server_mem_mb,map_server_cpu,tile_switcher_mem_mb,tile_switcher_cpu,total_mem_mb,total_cpu,costmap_update_rate_hz,costmap_update_count,costmap_full_count,disk_read_mb,disk_write_mb,total_disk_read_mb,total_disk_write_mb
0.11469340324401855,0.0,0.0,1,28.375,0.0,0.0,0.0,28.375,0.0,0.0,0,0,0.0,0.0,0.0,0.0
0.21458101272583008,0.0012367387940060118,0.005971298487848697,1,28.375,0.0,0.0,0.0,28.375,0.0,0.0,0,0,0.0,0.0,0.0,0.0
0.314439058303833,0.0012367387940060118,0.005971298487848697,1,28.375,0.0,0.0,0.0,28.375,0.0,0.0,0,0,0.0,0.0,0.0,0.0
0.41463375091552734,-0.0014204148567479539,0.0060380230286111464,1,28.375,0.0,0.0,0.0,28.375,0.0,0.0,0,0,0.0,0.0,0.0,0.0
0.5144891738891602,-0.0014204148567479539,0.0060380230286111464,1,28.375,20.0,0.0,0.0,28.375,20.0,0.0,0,0,0.0,0.0,0.0,0.0
0.6144745349884033,-0.0006137623815017583,0.008723360023751488,1,28.375,0.0,0.0,0.0,28.375,0.0,0.0,0,0,0.0,0.03125,0.0,0.03125
0.714512825012207,-0.0006137623815017583,0.008723360023751488,1,28.375,0.0,0.0,0.0,28.375,0.0,0.0,0,0,0.0,0.0,0.0,0.03125
0.8144874572753906,-0.004753169686357713,0.025179315449703348,1,28.375,0.0,0.0,0.0,28.375,0.0,0.0,0,0,0.0,0.0,0.0,0.03125
0.9144556522369385,-0.004753169686357713,0.025179315449703348,1,28.37890625,0.0,0.0,0.0,28.37890625,0.0,0.0,0,0,0.0,0.0,0.0,0.03125
1.014625072479248,-0.00479660623651941,0.048794198528180045,1,28.3828125,10.0,0.0,0.0,28.3828125,10.0,0.0,0,1,0.0,0.0,0.0,0.03125
1.1143898963928223,-0.00479660623651941,0.048794198528180045,1,28.48828125,10.0,0.0,0.0,28.48828125,10.0,0.0,0,1,0.0,0.0,0.0,0.03125
1.2145719528198242,0.0006347197297630466,0.07423207786833066,1,28.5546875,10.0,0.0,0.0,28.5546875,10.0,0.0,0,1,0.0,0.08984375,0.0,0.12109375
1.3144264221191406,0.0006347197297630466,0.07423207786833066,1,28.5625,0.0,0.0,0.0,28.5625,0.0,0.0,0,1,0.0,0.0,0.0,0.12109375
1.4143733978271484,0.0038143398165350413,0.09812512903967856,1,28.57421875,20.0,0.0,0.0,28.57421875,20.0,0.0,0,1,0.0,0.0,0.0,0.12109375
1.5144622325897217,0.0038143398165350413,0.09812512903967856,1,28.57421875,0.0,0.0,0.0,28.57421875,0.0,0.0,0,1,0.0,0.0,0.0,0.12109375
1.6144449710845947,0.006426471808621738,0.11087277834949023,1,28.57421875,0.0,0.0,0.0,28.57421875,0.0,0.0,0,1,0.0,0.0,0.0,0.12109375
1.7144215106964111,0.006426471808621738,0.11087277834949023,1,28.57421875,0.0,0.0,0.0,28.57421875,0.0,0.0,0,1,0.0,0.0,0.0,0.12109375
1.8145055770874023,0.00851309299980128,0.11117700670460337,1,28.57421875,10.0,0.0,0.0,28.57421875,10.0,0.0,0,1,0.0,0.0,0.0,0.12109375
1.9143922328948975,0.00851309299980128,0.11117700670460337,1,28.57421875,10.0,0.0,0.0,28.57421875,10.0,0.0,0,1,0.0,0.0,0.0,0.12109375
2.0144455432891846,0.008820762510644307,0.10013272294514225,1,28.57421875,0.0,0.0,0.0,28.57421875,0.0,0.0,0,1,0.0,0.0,0.0,0.12109375
2.1143946647644043,0.008820762510644307,0.10013272294514225,1,28.57421875,0.0,0.0,0.0,28.57421875,0.0,0.0,0,1,0.0,0.0,0.0,0.12109375
2.2146267890930176,0.013300275462174667,0.08278337650722213,1,28.57421875,10.0,0.0,0.0,28.57421875,10.0,0.0,0,1,0.0,0.0,0.0,0.12109375
2.3145415782928467,0.013300275462174667,0.08278337650722213,1,28.57421875,0.0,0.0,0.0,28.57421875,0.0,0.0,0,1,0.0,0.0,0.0,0.12109375
2.414600372314453,0.012510409338456723,0.0642691316675678,1,28.57421875,10.0,0.0,0.0,28.57421875,10.0,0.0,0,1,0.0,0.0,0.0,0.12109375
2.5147147178649902,0.012510409338456723,0.0642691316675678,1,28.57421875,0.0,0.0,0.0,28.57421875,0.0,0.0,0,1,0.0,0.0,0.0,0.12109375
2.6146750450134277,0.011608786893610298,0.03944746017491671,1,28.57421875,10.0,0.0,0.0,28.57421875,10.0,0.0,0,1,0.0,0.0,0.0,0.12109375
2.714742660522461,0.011608786893610298,0.03944746017491671,1,28.57421875,0.0,0.0,0.0,28.57421875,0.0,0.0,0,1,0.0,0.0078125,0.0,0.12890625
2.8144636154174805,0.010837057163112132,0.01991370709087282,1,28.57421875,10.0,0.0,0.0,28.57421875,10.0,0.0,0,1,0.0,0.0,0.0,0.12890625
2.914416790008545,0.010837057163112132,0.01991370709087282,1,28.57421875,0.0,0.0,0.0,28.57421875,0.0,0.0,0,2,0.0,0.0,0.0,0.12890625
3.014615774154663,0.00571990704994762,0.005298726124912839,1,28.57421875,10.0,0.0,0.0,28.57421875,10.0,0.0,0,2,0.00390625,0.0,0.00390625,0.12890625
3.1144182682037354,0.00571990704994762,0.005298726124912839,1,28.57421875,0.0,0.0,0.0,28.57421875,0.0,0.0,0,2,0.0,0.0,0.00390625,0.12890625
3.214587926864624,0.0009461674746247871,0.0037153814085178,1,28.57421875,0.0,0.0,0.0,28.57421875,0.0,0.0,0,2,0.0,0.0,0.00390625,0.12890625
3.3146040439605713,0.0009461674746247871,0.0037153814085178,1,28.57421875,20.0,0.0,0.0,28.57421875,20.0,0.0,0,2,0.0,0.0,0.00390625,0.12890625
3.4147636890411377,-0.0019067660706608535,0.015067009622125198,1,28.57421875,0.0,0.0,0.0,28.57421875,0.0,0.0,0,2,0.0,0.0,0.00390625,0.12890625
3.5144550800323486,-0.0019067660706608535,0.015067009622125198,1,28.57421875,0.0,0.0,0.0,28.57421875,0.0,0.0,0,2,0.0,0.0,0.00390625,0.12890625
3.614454746246338,-0.002495863410601173,0.027889345095530423,1,28.57421875,0.0,0.0,0.0,28.57421875,0.0,0.0,0,2,0.10546875,0.0,0.109375,0.12890625
3.714404344558716,-0.002495863410601173,0.027889345095530423,1,28.57421875,10.0,0.0,0.0,28.57421875,10.0,0.0,0,2,0.0,0.0,0.109375,0.12890625
3.8145530223846436,0.00011086861176906842,0.035176483716210676,1,28.57421875,10.0,0.0,0.0,28.57421875,10.0,0.0,0,2,0.0,0.20703125,0.109375,0.3359375
3.9146223068237305,0.00011086861176906842,0.035176483716210676,1,28.57421875,0.0,0.0,0.0,28.57421875,0.0,0.0,0,3,0.0,0.0,0.109375,0.3359375
4.014766454696655,0.001222850490447362,0.03795426208755701,1,28.57421875,20.0,0.0,0.0,28.57421875,20.0,0.0,0,3,0.0,0.0,0.109375,0.3359375
4.114968776702881,0.001222850490447362,0.03795426208755701,1,28.57421875,0.0,0.0,0.0,28.57421875,0.0,0.0,0,3,0.0,0.0,0.109375,0.3359375
4.214770555496216,-0.0003210734984590211,0.04219611209777317,1,28.57421875,0.0,0.0,0.0,28.57421875,0.0,0.0,0,3,0.0,0.0,0.109375,0.3359375
4.314684867858887,-0.0003210734984590211,0.04219611209777317,1,28.57421875,10.0,0.0,0.0,28.57421875,10.0,0.0,0,3,0.0,0.0,0.109375,0.3359375
4.414597511291504,-0.0031955605250251267,0.05243112773083902,1,28.57421875,10.0,0.0,0.0,28.57421875,10.0,0.0,0,3,0.0,0.0,0.109375,0.3359375
4.514534950256348,-0.0031955605250251267,0.05243112773083902,1,28.57421875,0.0,0.0,0.0,28.57421875,0.0,0.0,0,3,0.0,0.0,0.109375,0.3359375
4.614553451538086,-0.009977938737574547,0.07833355323731885,1,28.57421875,10.0,0.0,0.0,28.57421875,10.0,0.0,0,3,0.0,0.0,0.109375,0.3359375
4.71455454826355,-0.009977938737574547,0.07833355323731885,1,28.57421875,0.0,0.0,0.0,28.57421875,0.0,0.0,0,3,0.0,0.0,0.109375,0.3359375
4.814619064331055,-0.011383180665136463,0.11493594429577363,1,28.57421875,20.0,0.0,0.0,28.57421875,20.0,0.0,0,3,0.0,0.0,0.109375,0.3359375
4.914654731750488,-0.011383180665136463,0.11493594429577363,1,28.578125,0.0,0.0,0.0,28.578125,0.0,0.0,0,4,0.0,0.0,0.109375,0.3359375
5.014554262161255,-0.01094315311286724,0.14998247428177713,1,28.58984375,10.0,0.0,0.0,28.58984375,10.0,0.0,0,4,0.0,0.0,0.109375,0.3359375
5.114609241485596,-0.01094315311286724,0.14998247428177713,1,28.58984375,0.0,0.0,0.0,28.58984375,0.0,0.0,0,4,0.0,0.0,0.109375,0.3359375
5.214914321899414,-0.020985341313942703,0.21030201298009285,1,28.58984375,19.9,0.0,0.0,28.58984375,19.9,0.0,0,4,0.0,0.0,0.109375,0.3359375
5.314486980438232,-0.020985341313942703,0.21030201298009285,1,28.58984375,0.0,0.0,0.0,28.58984375,0.0,0.0,0,4,0.0,0.0,0.109375,0.3359375
5.414634704589844,-0.035706425640968306,0.275384782142623,1,28.58984375,10.0,0.0,0.0,28.58984375,10.0,0.0,0,4,0.0,0.0,0.109375,0.3359375
5.514777421951294,-0.035706425640968306,0.275384782142623,1,28.58984375,0.0,0.0,0.0,28.58984375,0.0,0.0,0,4,0.0,0.0,0.109375,0.3359375
5.614770174026489,-0.040261790549133716,0.3462780383639526,1,28.58984375,10.0,0.0,0.0,28.58984375,10.0,0.0,0,4,0.0,0.0,0.109375,0.3359375
5.714563846588135,-0.040261790549133716,0.3462780383639526,1,28.58984375,10.0,0.0,0.0,28.58984375,10.0,0.0,0,4,0.0,0.0,0.109375,0.3359375
5.814451217651367,-0.06256522018982526,0.40785471253381395,1,28.58984375,0.0,0.0,0.0,28.58984375,0.0,0.0,0,4,0.0,0.0,0.109375,0.3359375
5.914644479751587,-0.06256522018982526,0.40785471253381395,1,28.58984375,10.0,0.0,0.0,28.58984375,10.0,0.0,0,4,0.0,0.0,0.109375,0.3359375
6.014582395553589,-0.10871651781504034,0.48600078647611666,1,28.58984375,10.0,0.0,0.0,28.58984375,10.0,0.0,0,4,0.0,0.0,0.109375,0.3359375
6.114627122879028,-0.10871651781504034,0.48600078647611666,1,28.58984375,0.0,0.0,0.0,28.58984375,0.0,0.0,0,4,0.0,0.0,0.109375,0.3359375
6.214634895324707,-0.13756837121903745,0.5525334107549645,1,28.59375,0.0,0.0,0.0,28.59375,0.0,0.0,0,4,0.0,0.0,0.109375,0.3359375
6.314897775650024,-0.13756837121903745,0.5525334107549645,1,28.59375,10.0,0.0,0.0,28.59375,10.0,0.0,0,4,0.0,0.0,0.109375,0.3359375
6.41484522819519,-0.15887972084594634,0.6074011837196998,1,28.59375,10.0,0.0,0.0,28.59375,10.0,0.0,0,4,0.0,0.0,0.109375,0.3359375
6.514599800109863,-0.15887972084594634,0.6074011837196998,1,28.59375,10.0,0.0,0.0,28.59375,10.0,0.0,0,4,0.0,0.0,0.109375,0.3359375
6.6145524978637695,-0.18265075713854864,0.7089887153466661,1,28.59375,0.0,0.0,0.0,28.59375,0.0,0.0,0,4,0.0,0.0,0.109375,0.3359375
6.714704275131226,-0.18265075713854864,0.7089887153466661,1,28.59375,0.0,0.0,0.0,28.59375,0.0,0.0,0,4,0.0,0.0,0.109375,0.3359375
6.814775705337524,-0.1821198581857668,0.8188136535034938,1,28.59375,20.0,0.0,0.0,28.59375,20.0,0.0,0,4,0.0,0.0,0.109375,0.3359375
6.914503812789917,-0.1821198581857668,0.8188136535034938,1,28.59375,0.0,0.0,0.0,28.59375,0.0,0.0,0,5,0.0,0.0,0.109375,0.3359375
7.014566421508789,-0.16610142669290975,0.93341838139009,1,28.59375,0.0,0.0,0.0,28.59375,0.0,0.0,0,5,0.0,0.0,0.109375,0.3359375
7.115037679672241,-0.16610142669290975,0.93341838139009,1,28.59375,9.9,0.0,0.0,28.59375,9.9,0.0,0,5,0.0,0.0,0.109375,0.3359375
7.215194225311279,-0.17803879403758602,1.035853473566179,1,28.59375,0.0,0.0,0.0,28.59375,0.0,0.0,0,5,0.0,0.0,0.109375,0.3359375
7.314507722854614,-0.17803879403758602,1.035853473566179,1,28.59375,20.2,0.0,0.0,28.59375,20.2,0.0,0,5,0.0,0.0,0.109375,0.3359375
7.414710283279419,-0.1560258538013245,1.1691451477059855,1,28.59375,0.0,0.0,0.0,28.59375,0.0,0.0,0,5,0.0,0.0,0.109375,0.3359375
7.514661550521851,-0.1560258538013245,1.1691451477059855,1,28.59375,10.0,0.0,0.0,28.59375,10.0,0.0,0,5,0.0,0.0,0.109375,0.3359375
7.614668130874634,-0.16920019074967158,1.3089808884520748,1,28.59375,0.0,0.0,0.0,28.59375,0.0,0.0,0,5,0.0,0.0,0.109375,0.3359375
7.714815616607666,-0.16920019074967158,1.3089808884520748,1,28.59375,10.0,0.0,0.0,28.59375,10.0,0.0,0,5,0.0,0.0,0.109375,0.3359375
7.814540386199951,-0.16560134745942912,1.3913109498857688,1,28.59375,0.0,0.0,0.0,28.59375,0.0,0.0,0,5,0.0,3.8828125,0.109375,4.21875
7.9149792194366455,-0.16560134745942912,1.3913109498857688,1,28.59375,9.9,0.0,0.0,28.59375,9.9,0.0,0,5,0.0,0.0,0.109375,4.21875
8.014515161514282,-0.17095648916772294,1.5797597874607952,1,28.59375,0.0,0.0,0.0,28.59375,0.0,0.0,0,5,0.0,0.0,0.109375,4.21875
8.114493370056152,-0.17095648916772294,1.5797597874607952,1,28.59375,20.0,0.0,0.0,28.59375,20.0,0.0,0,5,0.0,0.0,0.109375,4.21875
8.214756488800049,-0.15837000761035902,1.693963821034668,1,28.59375,0.0,0.0,0.0,28.59375,0.0,0.0,0,5,0.0,0.0,0.109375,4.21875
8.314542531967163,-0.15837000761035902,1.693963821034668,1,28.59375,10.0,0.0,0.0,28.59375,10.0,0.0,0,5,0.0,0.0,0.109375,4.21875
8.41455864906311,-0.14531225850439594,1.8460225588758332,1,28.59375,0.0,0.0,0.0,28.59375,0.0,0.0,0,5,0.0,0.0,0.109375,4.21875
8.514487028121948,-0.14531225850439594,1.8460225588758332,1,28.59375,0.0,0.0,0.0,28.59375,0.0,0.0,0,5,0.0,0.0,0.109375,4.21875
8.614511966705322,-0.13635571036397867,1.9784518156884512,1,28.59375,10.0,0.0,0.0,28.59375,10.0,0.0,0,5,0.0,0.0,0.109375,4.21875
8.714883089065552,-0.13635571036397867,1.9784518156884512,1,28.59375,0.0,0.0,0.0,28.59375,0.0,0.0,0,5,0.0,0.0,0.109375,4.21875
8.81468939781189,-0.11209033549968887,2.1576283330030135,1,28.59375,20.1,0.0,0.0,28.59375,20.1,0.0,0,5,0.0,0.0,0.109375,4.21875
8.914441585540771,-0.11209033549968887,2.1576283330030135,1,28.59375,0.0,0.0,0.0,28.59375,0.0,0.0,0,6,0.0,0.0,0.109375,4.21875
9.014564752578735,-0.13094060453409914,2.294783776836866,1,28.59375,0.0,0.0,0.0,28.59375,0.0,0.0,0,6,0.0,0.05078125,0.109375,4.26953125
9.114487886428833,-0.13094060453409914,2.294783776836866,1,28.59375,10.0,0.0,0.0,28.59375,10.0,0.0,0,6,0.0,0.0,0.109375,4.26953125
9.214572668075562,-0.143244293092203,2.4342490254381675,1,28.59375,0.0,0.0,0.0,28.59375,0.0,0.0,0,6,0.0,0.0,0.109375,4.26953125
9.31449270248413,-0.143244293092203,2.4342490254381675,1,28.59375,10.0,0.0,0.0,28.59375,10.0,0.0,0,6,0.3515625,4.01953125,0.4609375,8.2890625
9.414580583572388,-0.14938641421356802,2.5791738830918285,1,28.59375,0.0,0.0,0.0,28.59375,0.0,0.0,0,6,0.0,0.0,0.4609375,8.2890625
9.514498233795166,-0.14938641421356802,2.5791738830918285,1,28.59375,10.0,0.0,0.0,28.59375,10.0,0.0,0,6,0.0,0.0,0.4609375,8.2890625
9.614463567733765,-0.1371657373507669,2.7121935420637913,1,28.59375,0.0,0.0,0.0,28.59375,0.0,0.0,0,6,0.0,0.0,0.4609375,8.2890625
9.714536190032959,-0.1371657373507669,2.7121935420637913,1,28.59375,20.0,0.0,0.0,28.59375,20.0,0.0,0,6,0.0,0.0,0.4609375,8.2890625
9.814575672149658,-0.13522566630014088,2.8544778072605435,1,28.59375,0.0,0.0,0.0,28.59375,0.0,0.0,0,6,0.0,0.0,0.4609375,8.2890625
9.914660215377808,-0.13522566630014088,2.8544778072605435,1,28.59375,10.0,0.0,0.0,28.59375,10.0,0.0,0,7,0.0,0.0,0.4609375,8.2890625
10.014549493789673,-0.14270110141930256,2.9671959388884086,1,28.59375,0.0,0.0,0.0,28.59375,0.0,0.0,0,7,0.0,0.0,0.4609375,8.2890625
10.114485502243042,-0.14270110141930256,2.9671959388884086,1,28.59375,0.0,0.0,0.0,28.59375,0.0,0.0,0,7,0.00390625,0.00390625,0.46484375,8.29296875
10.214492082595825,-0.1417487491531748,3.116733060841058,1,28.59375,20.0,0.0,0.0,28.59375,20.0,0.0,0,7,0.0,0.0,0.46484375,8.29296875
10.314550876617432,-0.1417487491531748,3.116733060841058,1,28.59375,0.0,0.0,0.0,28.59375,0.0,0.0,0,7,0.0,0.0,0.46484375,8.29296875
10.414611339569092,-0.184303081468661,3.2701855459735794,1,28.59375,0.0,0.0,0.0,28.59375,0.0,0.0,0,7,0.0,0.0,0.46484375,8.29296875
10.51488709449768,-0.184303081468661,3.2701855459735794,1,28.59375,10.0,0.0,0.0,28.59375,10.0,0.0,0,7,0.0,0.0,0.46484375,8.29296875
10.614574432373047,-0.18408847576702486,3.368462560257399,1,28.59375,10.0,0.0,0.0,28.59375,10.0,0.0,0,7,0.0,0.03515625,0.46484375,8.328125
10.714524030685425,-0.18408847576702486,3.368462560257399,1,28.59375,0.0,0.0,0.0,28.59375,0.0,0.0,0,7,0.0,0.0,0.46484375,8.328125
10.814479112625122,-0.19143671099207688,3.5523224731333696,1,28.59375,10.0,0.0,0.0,28.59375,10.0,0.0,0,7,0.0,0.0,0.46484375,8.328125
10.914463996887207,-0.19143671099207688,3.5523224731333696,1,28.59375,0.0,0.0,0.0,28.59375,0.0,0.0,0,8,0.00390625,0.0,0.46875,8.328125
11.01461410522461,-0.20120537444286396,3.705975871645231,1,28.59375,10.0,0.0,0.0,28.59375,10.0,0.0,0,8,0.0,0.0,0.46875,8.328125
11.114549160003662,-0.20120537444286396,3.705975871645231,1,28.59375,10.0,0.0,0.0,28.59375,10.0,0.0,0,8,0.0,0.0,0.46875,8.328125
11.21470046043396,-0.20637819432288165,3.8518031037606937,1,28.59375,0.0,0.0,0.0,28.59375,0.0,0.0,0,8,0.0,0.0,0.46875,8.328125
11.314775943756104,-0.20637819432288165,3.8518031037606937,1,28.59375,0.0,0.0,0.0,28.59375,0.0,0.0,0,8,0.0,0.0,0.46875,8.328125
11.414701461791992,-0.22759675601883675,4.016703209852581,1,28.59375,20.0,0.0,0.0,28.59375,20.0,0.0,0,8,0.0,0.0,0.46875,8.328125
11.514756202697754,-0.22759675601883675,4.016703209852581,1,28.59375,0.0,0.0,0.0,28.59375,0.0,0.0,0,8,0.0,0.0,0.46875,8.328125
11.614900350570679,-0.21478796709143974,4.1747166801568625,1,28.59375,0.0,0.0,0.0,28.59375,0.0,0.0,0,8,0.0,0.0,0.46875,8.328125
11.714489221572876,-0.21478796709143974,4.1747166801568625,1,28.59375,10.0,0.0,0.0,28.59375,10.0,0.0,0,8,0.0,0.0,0.46875,8.328125
11.814489603042603,-0.2551803748021076,4.3349848232425545,1,28.59375,0.0,0.0,0.0,28.59375,0.0,0.0,0,8,0.0,0.0,0.46875,8.328125
11.914605855941772,-0.2551803748021076,4.3349848232425545,1,28.59375,20.0,0.0,0.0,28.59375,20.0,0.0,0,8,0.0,0.19140625,0.46875,8.51953125
12.01457691192627,-0.2734976728363049,4.498824428903972,1,28.59375,0.0,0.0,0.0,28.59375,0.0,0.0,0,8,0.0,0.0,0.46875,8.51953125
12.114512920379639,-0.2734976728363049,4.498824428903972,1,28.59375,0.0,0.0,0.0,28.59375,0.0,0.0,0,8,0.0,0.0,0.46875,8.51953125
12.214714288711548,-0.2744313484016154,4.6704242951968205,1,28.59375,10.0,0.0,0.0,28.59375,10.0,0.0,0,8,0.0,0.0,0.46875,8.51953125
12.314507246017456,-0.2744313484016154,4.6704242951968205,1,28.59375,10.0,0.0,0.0,28.59375,10.0,0.0,0,8,0.0,0.0,0.46875,8.51953125
12.41459321975708,-0.26439365408097354,4.828384520635877,1,28.59375,0.0,0.0,0.0,28.59375,0.0,0.0,0,8,0.0,0.0,0.46875,8.51953125
12.51451587677002,-0.26439365408097354,4.828384520635877,1,28.59375,0.0,0.0,0.0,28.59375,0.0,0.0,0,8,0.0,0.0,0.46875,8.51953125
12.614539623260498,-0.26444758717459194,4.993550600405187,1,28.59375,20.0,0.0,0.0,28.59375,20.0,0.0,0,8,0.0,0.0,0.46875,8.51953125
12.714660406112671,-0.26444758717459194,4.993550600405187,1,28.59375,0.0,0.0,0.0,28.59375,0.0,0.0,0,8,0.0,0.00390625,0.46875,8.5234375
12.814790964126587,-0.262519646124422,5.162472904248344,1,28.59375,0.0,0.0,0.0,28.59375,0.0,0.0,0,8,0.0,0.0,0.46875,8.5234375
12.914710521697998,-0.262519646124422,5.162472904248344,1,28.59765625,20.0,0.0,0.0,28.59765625,20.0,0.0,0,9,0.0,0.0,0.46875,8.5234375
13.014565229415894,-0.29373279724528567,5.3278043483084065,1,28.609375,0.0,0.0,0.0,28.609375,0.0,0.0,0,9,0.0,0.0,0.46875,8.5234375
13.1143798828125,-0.29373279724528567,5.3278043483084065,1,28.609375,10.0,0.0,0.0,28.609375,10.0,0.0,0,9,0.0,0.0,0.46875,8.5234375
13.214595317840576,-0.2986677976426192,5.523922661721956,1,28.609375,0.0,0.0,0.0,28.609375,0.0,0.0,0,9,0.0,0.55859375,0.46875,9.08203125
13.3145010471344,-0.2986677976426192,5.523922661721956,1,28.609375,10.0,0.0,0.0,28.609375,10.0,0.0,0,9,0.0,0.15234375,0.46875,9.234375
13.414643049240112,-0.29845176534072343,5.684814077219653,1,28.609375,10.0,0.0,0.0,28.609375,10.0,0.0,0,9,0.0,0.0,0.46875,9.234375
13.514501333236694,-0.29845176534072343,5.684814077219653,1,28.609375,0.0,0.0,0.0,28.609375,0.0,0.0,0,9,0.0,0.0,0.46875,9.234375
13.614684581756592,-0.2973714525724461,5.844539658739614,1,28.609375,10.0,0.0,0.0,28.609375,10.0,0.0,0,9,0.0,0.0,0.46875,9.234375
13.714627504348755,-0.2973714525724461,5.844539658739614,1,28.609375,10.0,0.0,0.0,28.609375,10.0,0.0,0,9,0.0,0.0,0.46875,9.234375
13.814479112625122,-0.2850744882236525,6.058587269777492,1,28.609375,0.0,0.0,0.0,28.609375,0.0,0.0,0,9,0.0,0.0,0.46875,9.234375
13.9147310256958,-0.2850744882236525,6.058587269777492,1,28.609375,10.0,0.0,0.0,28.609375,10.0,0.0,0,9,0.0,0.0,0.46875,9.234375
14.014660596847534,-0.30886961663284007,6.240719660967511,1,28.609375,10.0,0.0,0.0,28.609375,10.0,0.0,0,9,0.0,0.0,0.46875,9.234375
14.114641666412354,-0.30886961663284007,6.240719660967511,1,28.609375,0.0,0.0,0.0,28.609375,0.0,0.0,0,9,0.0,0.0,0.46875,9.234375
14.214661836624146,-0.31616902044726863,6.396125752894709,1,28.61328125,10.0,0.0,0.0,28.61328125,10.0,0.0,0,9,0.0,0.0,0.46875,9.234375
14.314806461334229,-0.31616902044726863,6.396125752894709,1,28.61328125,0.0,0.0,0.0,28.61328125,0.0,0.0,0,9,0.0,0.0,0.46875,9.234375
14.415199518203735,-0.3289752577765327,6.584160905252699,1,28.61328125,9.9,0.0,0.0,28.61328125,9.9,0.0,0,9,0.0,0.0,0.46875,9.234375
14.51451587677002,-0.3289752577765327,6.584160905252699,1,28.61328125,10.1,0.0,0.0,28.61328125,10.1,0.0,0,9,0.0,0.0,0.46875,9.234375
14.614651679992676,-0.3369051825440763,6.773439625892969,1,28.61328125,0.0,0.0,0.0,28.61328125,0.0,0.0,0,9,0.0,0.0,0.46875,9.234375
14.714577436447144,-0.3369051825440763,6.773439625892969,1,28.61328125,10.0,0.0,0.0,28.61328125,10.0,0.0,0,9,0.0,0.0,0.46875,9.234375
14.815159320831299,-0.3320827702685857,6.945356785860009,1,28.61328125,9.9,0.0,0.0,28.61328125,9.9,0.0,0,9,0.0,0.0,0.46875,9.234375
14.914620399475098,-0.3320827702685857,6.945356785860009,1,28.61328125,0.0,0.0,0.0,28.61328125,0.0,0.0,0,10,0.0,0.0,0.46875,9.234375
15.014504671096802,-0.348611786715197,7.134839572983689,1,28.61328125,10.0,0.0,0.0,28.61328125,10.0,0.0,0,10,0.0,0.0,0.46875,9.234375
15.115041494369507,-0.348611786715197,7.134839572983689,1,28.61328125,9.9,0.0,0.0,28.61328125,9.9,0.0,0,10,0.0,0.0,0.46875,9.234375
15.2147057056427,-0.35452910150251254,7.314746775701347,1,28.61328125,0.0,0.0,0.0,28.61328125,0.0,0.0,0,10,0.0,0.0,0.46875,9.234375
15.3148934841156,-0.35452910150251254,7.314746775701347,1,28.61328125,0.0,0.0,0.0,28.61328125,0.0,0.0,0,10,0.0,0.0,0.46875,9.234375
15.414641857147217,-0.35682430426230344,7.494353448832115,1,28.61328125,10.0,0.0,0.0,28.61328125,10.0,0.0,0,10,0.0,0.0,0.46875,9.234375
15.51461935043335,-0.35682430426230344,7.494353448832115,1,28.61328125,10.0,0.0,0.0,28.61328125,10.0,0.0,0,10,0.0,0.0,0.46875,9.234375
15.614692211151123,-0.3688584190830907,7.684338981583925,1,28.61328125,0.0,0.0,0.0,28.61328125,0.0,0.0,0,10,0.0,0.0,0.46875,9.234375
15.714553117752075,-0.3688584190830907,7.684338981583925,1,28.61328125,10.0,0.0,0.0,28.61328125,10.0,0.0,0,10,0.0,0.0,0.46875,9.234375
15.814605236053467,-0.3644684622650191,7.842868637566014,1,28.61328125,10.0,0.0,0.0,28.61328125,10.0,0.0,0,10,0.0,0.0,0.46875,9.234375
15.915096282958984,-0.3644684622650191,7.842868637566014,1,28.61328125,0.0,0.0,0.0,28.61328125,0.0,0.0,0,11,0.0,0.0,0.46875,9.234375
16.014976024627686,-0.37821450243973304,8.04725286427485,1,28.61328125,10.0,0.0,0.0,28.61328125,10.0,0.0,0,11,0.0,0.0,0.46875,9.234375
16.114670991897583,-0.37821450243973304,8.04725286427485,1,28.61328125,0.0,0.0,0.0,28.61328125,0.0,0.0,0,11,0.0,0.0,0.46875,9.234375
16.21459460258484,-0.4106919788408554,8.212026203213135,1,28.61328125,0.0,0.0,0.0,28.61328125,0.0,0.0,0,11,0.0,0.0,0.46875,9.234375
16.314661264419556,-0.4106919788408554,8.212026203213135,1,28.61328125,20.0,0.0,0.0,28.61328125,20.0,0.0,0,11,0.0,0.0,0.46875,9.234375
16.41464877128601,-0.40390516526201614,8.36835625308715,1,28.61328125,0.0,0.0,0.0,28.61328125,0.0,0.0,0,11,0.0,0.0,0.46875,9.234375
16.51463007926941,-0.40390516526201614,8.36835625308715,1,28.61328125,10.0,0.0,0.0,28.61328125,10.0,0.0,0,11,0.0,0.0,0.46875,9.234375
16.61476469039917,-0.39073939145891395,8.529693392406484,1,28.61328125,0.0,0.0,0.0,28.61328125,0.0,0.0,0,11,0.0,0.0,0.46875,9.234375
16.71481418609619,-0.39073939145891395,8.529693392406484,1,28.61328125,0.0,0.0,0.0,28.61328125,0.0,0.0,0,11,0.0,0.0,0.46875,9.234375
16.81473135948181,-0.4255232489520738,8.73787605580143,1,28.61328125,20.0,0.0,0.0,28.61328125,20.0,0.0,0,11,0.0,0.0,0.46875,9.234375
16.914812803268433,-0.4255232489520738,8.73787605580143,1,28.61328125,0.0,0.0,0.0,28.61328125,0.0,0.0,0,12,0.0,0.0,0.46875,9.234375
17.01471781730652,-0.4077534482412757,8.906124726018255,1,28.61328125,0.0,0.0,0.0,28.61328125,0.0,0.0,0,12,0.0,0.0,0.46875,9.234375
17.114903450012207,-0.4077534482412757,8.906124726018255,1,28.61328125,10.0,0.0,0.0,28.61328125,10.0,0.0,0,12,0.0,0.0,0.46875,9.234375
17.214774131774902,-0.39185939960362726,9.09435524160522,1,28.61328125,10.0,0.0,0.0,28.61328125,10.0,0.0,0,12,0.0,0.0,0.46875,9.234375
17.314589262008667,-0.39185939960362726,9.09435524160522,1,28.61328125,0.0,0.0,0.0,28.61328125,0.0,0.0,0,12,0.0,0.0,0.46875,9.234375
17.414462089538574,-0.42140203522493735,9.278246567977273,1,28.61328125,0.0,0.0,0.0,28.61328125,0.0,0.0,0,12,0.0,0.0,0.46875,9.234375
17.5150785446167,-0.42140203522493735,9.278246567977273,1,28.61328125,19.8,0.0,0.0,28.61328125,19.8,0.0,0,12,0.0,0.0,0.46875,9.234375
17.614662408828735,-0.42223538923798337,9.438593997904864,1,28.61328125,0.0,0.0,0.0,28.61328125,0.0,0.0,0,12,0.0,0.0,0.46875,9.234375
17.714772939682007,-0.42223538923798337,9.438593997904864,1,28.61328125,0.0,0.0,0.0,28.61328125,0.0,0.0,0,12,0.0,0.0,0.46875,9.234375
17.81459927558899,-0.41937992123581486,9.616934717629562,1,28.61328125,10.0,0.0,0.0,28.61328125,10.0,0.0,0,12,0.0,0.0,0.46875,9.234375
17.91468334197998,-0.41937992123581486,9.616934717629562,1,28.61328125,10.0,0.0,0.0,28.61328125,10.0,0.0,0,13,0.0,0.0,0.46875,9.234375
18.014425039291382,-0.43071215554700376,9.798177212107113,1,28.61328125,0.0,0.0,0.0,28.61328125,0.0,0.0,0,13,0.0,0.0,0.46875,9.234375
18.114595413208008,-0.43071215554700376,9.798177212107113,1,28.61328125,10.0,0.0,0.0,28.61328125,10.0,0.0,0,13,0.0,0.0,0.46875,9.234375
18.214555501937866,-0.4175774586158111,9.954377842247284,1,28.61328125,0.0,0.0,0.0,28.61328125,0.0,0.0,0,13,0.0,0.0,0.46875,9.234375
18.31474018096924,-0.4175774586158111,9.954377842247284,1,28.61328125,0.0,0.0,0.0,28.61328125,0.0,0.0,0,13,0.0,0.0,0.46875,9.234375
18.414766311645508,-0.3972778701149156,10.125629663544457,1,28.61328125,10.0,0.0,0.0,28.61328125,10.0,0.0,0,13,0.0,0.0546875,0.46875,9.2890625
18.51454448699951,-0.3972778701149156,10.125629663544457,1,28.61328125,10.0,0.0,0.0,28.61328125,10.0,0.0,0,13,0.0,0.0,0.46875,9.2890625
18.61439061164856,-0.37991979470141884,10.290772667193938,1,28.61328125,0.0,0.0,0.0,28.61328125,0.0,0.0,0,13,0.0,0.0,0.46875,9.2890625
18.714568853378296,-0.37991979470141884,10.290772667193938,1,28.61328125,0.0,0.0,0.0,28.61328125,0.0,0.0,0,13,0.0,0.4453125,0.46875,9.734375
18.814427852630615,-0.33348542908611783,10.46934013659736,1,28.61328125,20.1,0.0,0.0,28.61328125,20.1,0.0,0,13,0.0,0.16796875,0.46875,9.90234375
18.91451907157898,-0.33348542908611783,10.46934013659736,1,28.61328125,0.0,0.0,0.0,28.61328125,0.0,0.0,0,14,0.0,0.00390625,0.46875,9.90625
19.014599323272705,-0.31846178255159185,10.596364569893769,1,28.61328125,0.0,0.0,0.0,28.61328125,0.0,0.0,0,14,0.0,0.0,0.46875,9.90625
19.114509344100952,-0.31846178255159185,10.596364569893769,1,28.61328125,10.0,0.0,0.0,28.61328125,10.0,0.0,0,14,0.0,0.08203125,0.46875,9.98828125
19.214665412902832,-0.2407217122056693,10.778869887547787,1,28.61328125,10.0,0.0,0.0,28.61328125,10.0,0.0,0,14,0.0,0.0,0.46875,9.98828125
19.31441307067871,-0.2407217122056693,10.778869887547787,1,28.61328125,0.0,0.0,0.0,28.61328125,0.0,0.0,0,14,0.0,0.0,0.46875,9.98828125
19.414491653442383,-0.17979309803595112,10.908450238184459,1,28.61328125,10.0,0.0,0.0,28.61328125,10.0,0.0,0,14,0.0,0.0,0.46875,9.98828125
19.514506340026855,-0.17979309803595112,10.908450238184459,1,28.61328125,10.0,0.0,0.0,28.61328125,10.0,0.0,0,14,0.0,0.0,0.46875,9.98828125
19.614532470703125,-0.08961038509777955,11.05414843323928,1,28.61328125,0.0,0.0,0.0,28.61328125,0.0,0.0,0,14,0.0,2.76171875,0.46875,12.75
19.714513540267944,-0.08961038509777955,11.05414843323928,1,28.61328125,0.0,0.0,0.0,28.61328125,0.0,0.0,0,14,0.0,0.0,0.46875,12.75
19.81449246406555,-0.012737420974991323,11.180005698259894,1,28.61328125,20.0,0.0,0.0,28.61328125,20.0,0.0,0,14,0.0,0.0,0.46875,12.75
19.9149649143219,-0.012737420974991323,11.180005698259894,1,28.61328125,0.0,0.0,0.0,28.61328125,0.0,0.0,0,14,0.0,0.0,0.46875,12.75
20.014587879180908,0.0844422094748073,11.30094259249942,1,28.61328125,0.0,0.0,0.0,28.61328125,0.0,0.0,0,14,0.0,0.0,0.46875,12.75
20.114541053771973,0.0844422094748073,11.30094259249942,1,28.61328125,10.0,0.0,0.0,28.61328125,10.0,0.0,0,14,0.0,0.0,0.46875,12.75
20.21455478668213,0.18370389619973887,11.384581001370236,1,28.61328125,10.0,0.0,0.0,28.61328125,10.0,0.0,0,14,0.0,0.0,0.46875,12.75
20.31462597846985,0.18370389619973887,11.384581001370236,1,28.61328125,0.0,0.0,0.0,28.61328125,0.0,0.0,0,14,0.0,0.0,0.46875,12.75
20.41459584236145,0.30335321723239556,11.455339003835837,1,28.61328125,10.0,0.0,0.0,28.61328125,10.0,0.0,0,14,0.0,0.0,0.46875,12.75
20.5145902633667,0.30335321723239556,11.455339003835837,1,28.61328125,0.0,0.0,0.0,28.61328125,0.0,0.0,0,14,0.0,0.0,0.46875,12.75
20.61451554298401,0.4352779525286612,11.538863768214972,1,28.61328125,10.0,0.0,0.0,28.61328125,10.0,0.0,0,14,0.0,0.03515625,0.46875,12.78515625
20.714927434921265,0.4352779525286612,11.538863768214972,1,28.61328125,10.0,0.0,0.0,28.61328125,10.0,0.0,0,14,0.0,0.0,0.46875,12.78515625
20.814595460891724,0.581881854203561,11.61512802088722,1,28.61328125,0.0,0.0,0.0,28.61328125,0.0,0.0,0,14,0.0,0.0,0.46875,12.78515625
20.914604425430298,0.581881854203561,11.61512802088722,1,28.6171875,10.0,0.0,0.0,28.6171875,10.0,0.0,0,15,0.0,0.0,0.46875,12.78515625
21.014514446258545,0.7089947331058606,11.66859337554367,1,28.62890625,0.0,0.0,0.0,28.62890625,0.0,0.0,0,15,0.0,0.0,0.46875,12.78515625
21.11466407775879,0.7089947331058606,11.66859337554367,1,28.62890625,19.9,0.0,0.0,28.62890625,19.9,0.0,0,15,0.0,0.0,0.46875,12.78515625
21.21453070640564,0.8358068318439851,11.721356019603716,1,28.62890625,0.0,0.0,0.0,28.62890625,0.0,0.0,0,15,0.0,0.0,0.46875,12.78515625
21.314634323120117,0.8358068318439851,11.721356019603716,1,28.62890625,0.0,0.0,0.0,28.62890625,0.0,0.0,0,15,0.0,0.0,0.46875,12.78515625
21.41447162628174,0.9754993001320155,11.777147627508047,1,28.62890625,10.0,0.0,0.0,28.62890625,10.0,0.0,0,15,0.0,0.0,0.46875,12.78515625
21.51494264602661,0.9754993001320155,11.777147627508047,1,28.62890625,9.9,0.0,0.0,28.62890625,9.9,0.0,0,15,0.0,0.0,0.46875,12.78515625
21.61500310897827,1.0782966076995866,11.820050750097954,1,28.62890625,0.0,0.0,0.0,28.62890625,0.0,0.0,0,15,0.0,0.0,0.46875,12.78515625
21.714655876159668,1.0782966076995866,11.820050750097954,1,28.62890625,20.0,0.0,0.0,28.62890625,20.0,0.0,0,15,0.0,0.0,0.46875,12.78515625
21.814522981643677,1.2283739727286844,11.830638568459939,1,28.62890625,0.0,0.0,0.0,28.62890625,0.0,0.0,0,15,0.0,0.0,0.46875,12.78515625
21.91450786590576,1.2283739727286844,11.830638568459939,1,28.62890625,10.0,0.0,0.0,28.62890625,10.0,0.0,0,16,0.0,0.0,0.46875,12.78515625
22.014475345611572,1.3906126214504575,11.851826525660538,1,28.62890625,0.0,0.0,0.0,28.62890625,0.0,0.0,0,16,0.0,0.0,0.46875,12.78515625
22.114555597305298,1.3906126214504575,11.851826525660538,1,28.62890625,0.0,0.0,0.0,28.62890625,0.0,0.0,0,16,0.0,0.0,0.46875,12.78515625
22.2144718170166,1.5301976600375495,11.872605831844833,1,28.6328125,10.0,0.0,0.0,28.6328125,10.0,0.0,0,16,0.0,0.0,0.46875,12.78515625
22.314868927001953,1.5301976600375495,11.872605831844833,1,28.6328125,9.9,0.0,0.0,28.6328125,9.9,0.0,0,16,0.0,0.0,0.46875,12.78515625
22.4145245552063,1.6854046061387418,11.89715038226399,1,28.6328125,0.0,0.0,0.0,28.6328125,0.0,0.0,0,16,0.0,0.0,0.46875,12.78515625
22.514466047286987,1.6854046061387418,11.89715038226399,1,28.6328125,10.0,0.0,0.0,28.6328125,10.0,0.0,0,16,0.0,0.0,0.46875,12.78515625
22.61514925956726,1.8564585343179947,11.925682550872923,1,28.6328125,0.0,0.0,0.0,28.6328125,0.0,0.0,0,16,0.0,0.0,0.46875,12.78515625
22.714404582977295,1.8564585343179947,11.925682550872923,1,28.6328125,20.2,0.0,0.0,28.6328125,20.2,0.0,0,16,0.0,0.0,0.46875,12.78515625
22.814584016799927,2.0056975466760685,11.963195750876697,1,28.6328125,0.0,0.0,0.0,28.6328125,0.0,0.0,0,16,0.0,0.0,0.46875,12.78515625
22.914812803268433,2.0056975466760685,11.963195750876697,1,28.6328125,0.0,0.0,0.0,28.6328125,0.0,0.0,0,17,0.0,0.0,0.46875,12.78515625
23.014629125595093,2.170234765534731,11.984873784430617,1,28.6328125,10.0,0.0,0.0,28.6328125,10.0,0.0,0,17,0.0,0.0,0.46875,12.78515625
23.114815950393677,2.170234765534731,11.984873784430617,1,28.6328125,10.0,0.0,0.0,28.6328125,10.0,0.0,0,17,0.0,0.0,0.46875,12.78515625
23.214611530303955,2.3125386541536224,12.017841426467688,1,28.6328125,0.0,0.0,0.0,28.6328125,0.0,0.0,0,17,0.0,0.04296875,0.46875,12.828125
23.314674615859985,2.3125386541536224,12.017841426467688,1,28.6328125,10.0,0.0,0.0,28.6328125,10.0,0.0,0,17,0.0,0.0,0.46875,12.828125
23.414482593536377,2.474747866862698,12.056129793085223,1,28.6328125,10.0,0.0,0.0,28.6328125,10.0,0.0,0,17,0.0,0.0,0.46875,12.828125
23.51442813873291,2.474747866862698,12.056129793085223,1,28.6328125,0.0,0.0,0.0,28.6328125,0.0,0.0,0,17,0.0,0.0,0.46875,12.828125
23.614627599716187,2.647679280939113,12.095262065164862,1,28.6328125,0.0,0.0,0.0,28.6328125,0.0,0.0,0,17,0.0,0.0,0.46875,12.828125
23.714661121368408,2.647679280939113,12.095262065164862,1,28.6328125,20.0,0.0,0.0,28.6328125,20.0,0.0,0,17,0.0,0.00390625,0.46875,12.83203125
23.814549446105957,2.8043032194574327,12.140354126143215,1,28.6328125,0.0,0.0,0.0,28.6328125,0.0,0.0,0,17,0.0,0.0,0.46875,12.83203125
23.91487741470337,2.8043032194574327,12.140354126143215,1,28.6328125,0.0,0.0,0.0,28.6328125,0.0,0.0,0,17,0.0,0.0,0.46875,12.83203125
24.01469135284424,2.9326502197969044,12.194618700221492,1,28.6328125,20.0,0.0,0.0,28.6328125,20.0,0.0,0,17,0.0,0.0,0.46875,12.83203125
24.114598035812378,2.9326502197969044,12.194618700221492,1,28.6328125,0.0,0.0,0.0,28.6328125,0.0,0.0,0,17,0.0,0.0,0.46875,12.83203125
24.21461296081543,3.0754682410081875,12.243910646271207,1,28.6328125,0.0,0.0,0.0,28.6328125,0.0,0.0,0,17,0.0,0.1953125,0.46875,13.02734375
24.314696788787842,3.0754682410081875,12.243910646271207,1,28.6328125,10.0,0.0,0.0,28.6328125,10.0,0.0,0,17,0.0,0.0,0.46875,13.02734375
24.414462089538574,3.210434022908998,12.27269246718898,1,28.6328125,0.0,0.0,0.0,28.6328125,0.0,0.0,0,17,0.0,0.0,0.46875,13.02734375
24.514662265777588,3.210434022908998,12.27269246718898,1,28.6328125,10.0,0.0,0.0,28.6328125,10.0,0.0,0,17,0.0,0.0,0.46875,13.02734375
24.614577770233154,3.4367317634538477,12.351665903969826,1,28.6328125,10.0,0.0,0.0,28.6328125,10.0,0.0,0,17,0.0,0.0,0.46875,13.02734375
24.71468472480774,3.4367317634538477,12.351665903969826,1,28.6328125,0.0,0.0,0.0,28.6328125,0.0,0.0,0,17,0.0,0.00390625,0.46875,13.03125
24.81468892097473,3.5890410275163944,12.39279881209824,1,28.6328125,10.0,0.0,0.0,28.6328125,10.0,0.0,0,17,0.0,0.0,0.46875,13.03125
24.91458487510681,3.5890410275163944,12.39279881209824,1,28.6328125,10.0,0.0,0.0,28.6328125,10.0,0.0,0,18,0.0,0.0,0.46875,13.03125
25.014567852020264,3.705808453178854,12.418493258986391,1,28.6328125,0.0,0.0,0.0,28.6328125,0.0,0.0,0,18,0.0,0.0,0.46875,13.03125
25.1147723197937,3.705808453178854,12.418493258986391,1,28.6328125,10.0,0.0,0.0,28.6328125,10.0,0.0,0,18,0.0,0.0,0.46875,13.03125
25.21468758583069,3.8541844909812224,12.437173617121713,1,28.6328125,0.0,0.0,0.0,28.6328125,0.0,0.0,0,18,0.0,0.0,0.46875,13.03125
25.314576148986816,3.8541844909812224,12.437173617121713,1,28.6328125,0.0,0.0,0.0,28.6328125,0.0,0.0,0,18,0.0,0.0,0.46875,13.03125
25.4148907661438,4.016975805847342,12.457162513781228,1,28.6328125,19.9,0.0,0.0,28.6328125,19.9,0.0,0,18,0.0,0.0,0.46875,13.03125
25.515230178833008,4.016975805847342,12.457162513781228,1,28.6328125,0.0,0.0,0.0,28.6328125,0.0,0.0,0,18,0.0,0.0,0.46875,13.03125
25.614593267440796,4.198724164409314,12.446694948223083,1,28.6328125,10.1,0.0,0.0,28.6328125,10.1,0.0,0,18,0.0,0.0,0.46875,13.03125
25.714655876159668,4.198724164409314,12.446694948223083,1,28.6328125,0.0,0.0,0.0,28.6328125,0.0,0.0,0,18,0.0,0.0,0.46875,13.03125
25.81451725959778,4.321627086750718,12.425370112051844,1,28.6328125,10.0,0.0,0.0,28.6328125,10.0,0.0,0,18,0.0,0.0,0.46875,13.03125
25.914703369140625,4.321627086750718,12.425370112051844,1,28.6328125,0.0,0.0,0.0,28.6328125,0.0,0.0,0,19,0.0,0.0,0.46875,13.03125
26.014543771743774,4.516071967374064,12.413279749147906,1,28.6328125,10.0,0.0,0.0,28.6328125,10.0,0.0,0,19,0.0,0.0,0.46875,13.03125
26.114617824554443,4.516071967374064,12.413279749147906,1,28.6328125,0.0,0.0,0.0,28.6328125,0.0,0.0,0,19,0.0,0.0,0.46875,13.03125
26.21464490890503,4.651760987626764,12.403701982072832,1,28.6328125,0.0,0.0,0.0,28.6328125,0.0,0.0,0,19,0.0,0.0,0.46875,13.03125
26.314924716949463,4.651760987626764,12.403701982072832,1,28.6328125,20.0,0.0,0.0,28.6328125,20.0,0.0,0,19,0.0,0.0,0.46875,13.03125
26.414798736572266,4.795126695863994,12.38288946204345,1,28.6328125,0.0,0.0,0.0,28.6328125,0.0,0.0,0,19,0.0,0.0,0.46875,13.03125
26.514689922332764,4.795126695863994,12.38288946204345,1,28.6328125,10.0,0.0,0.0,28.6328125,10.0,0.0,0,19,0.0,0.0,0.46875,13.03125
26.615074157714844,4.951256276889367,12.366044867305224,1,28.6328125,0.0,0.0,0.0,28.6328125,0.0,0.0,0,19,0.0,0.0,0.46875,13.03125
26.714693069458008,4.951256276889367,12.366044867305224,1,28.6328125,10.0,0.0,0.0,28.6328125,10.0,0.0,0,19,0.0,0.0,0.46875,13.03125
26.8146550655365,5.1044440225649375,12.331388157611594,1,28.6328125,10.0,0.0,0.0,28.6328125,10.0,0.0,0,19,0.0,0.0,0.46875,13.03125
26.91453528404236,5.1044440225649375,12.331388157611594,1,28.6328125,0.0,0.0,0.0,28.6328125,0.0,0.0,0,19,0.0,0.0,0.46875,13.03125
27.014490604400635,5.264869798716834,12.305186614848155,1,28.6328125,0.0,0.0,0.0,28.6328125,0.0,0.0,0,19,0.0,0.0,0.46875,13.03125
27.11461091041565,5.264869798716834,12.305186614848155,1,28.6328125,10.0,0.0,0.0,28.6328125,10.0,0.0,0,19,0.0,0.0,0.46875,13.03125
27.214584827423096,5.425799950373553,12.300379990431617,1,28.6328125,10.0,0.0,0.0,28.6328125,10.0,0.0,0,19,0.0,0.0,0.46875,13.03125
27.31464648246765,5.425799950373553,12.300379990431617,1,28.6328125,0.0,0.0,0.0,28.6328125,0.0,0.0,0,19,0.0,0.0,0.46875,13.03125
27.414546728134155,5.571593115462718,12.271689966441723,1,28.6328125,10.0,0.0,0.0,28.6328125,10.0,0.0,0,19,0.0,0.0,0.46875,13.03125
27.51462197303772,5.571593115462718,12.271689966441723,1,28.6328125,10.0,0.0,0.0,28.6328125,10.0,0.0,0,19,0.0,0.0,0.46875,13.03125
27.61487102508545,5.711821203355846,12.27225385896163,1,28.6328125,0.0,0.0,0.0,28.6328125,0.0,0.0,0,19,0.0,0.0,0.46875,13.03125
27.714502573013306,5.711821203355846,12.27225385896163,1,28.6328125,0.0,0.0,0.0,28.6328125,0.0,0.0,0,19,0.0,0.0,0.46875,13.03125
27.814557790756226,5.8621221482478925,12.280853734465357,1,28.6328125,10.0,0.0,0.0,28.6328125,10.0,0.0,0,19,0.0,0.0,0.46875,13.03125
27.914878606796265,5.8621221482478925,12.280853734465357,1,28.6328125,10.0,0.0,0.0,28.6328125,10.0,0.0,0,20,0.0,0.0,0.46875,13.03125
28.014607191085815,6.028752793333431,12.264527531038697,1,28.6328125,0.0,0.0,0.0,28.6328125,0.0,0.0,0,20,0.0,0.0,0.46875,13.03125
28.114626169204712,6.028752793333431,12.264527531038697,1,28.6328125,0.0,0.0,0.0,28.6328125,0.0,0.0,0,20,0.0,0.0,0.46875,13.03125
28.2144877910614,6.177595673731877,12.259457233647565,1,28.6328125,20.0,0.0,0.0,28.6328125,20.0,0.0,0,20,0.0,0.0,0.46875,13.03125
28.314532995224,6.177595673731877,12.259457233647565,1,28.6328125,0.0,0.0,0.0,28.6328125,0.0,0.0,0,20,0.0,0.08984375,0.46875,13.12109375
28.414538383483887,6.340922219584664,12.27222621845044,1,28.6328125,0.0,0.0,0.0,28.6328125,0.0,0.0,0,20,0.0,0.0,0.46875,13.12109375
28.514489889144897,6.340922219584664,12.27222621845044,1,28.6328125,10.0,0.0,0.0,28.6328125,10.0,0.0,0,20,0.0,0.0,0.46875,13.12109375
28.614562034606934,6.509904463405382,12.269392169332638,1,28.6328125,10.0,0.0,0.0,28.6328125,10.0,0.0,0,20,0.0,0.0,0.46875,13.12109375
28.714780569076538,6.509904463405382,12.269392169332638,1,28.6328125,10.0,0.0,0.0,28.6328125,10.0,0.0,0,20,0.0,0.0,0.46875,13.12109375
28.81478261947632,6.670294496243788,12.27362146315959,1,28.6328125,0.0,0.0,0.0,28.6328125,0.0,0.0,0,20,0.0,0.0,0.46875,13.12109375
28.914501905441284,6.670294496243788,12.27362146315959,1,28.63671875,0.0,0.0,0.0,28.63671875,0.0,0.0,0,21,0.0,0.0,0.46875,13.12109375
29.014612197875977,6.841520603295199,12.268151968976003,1,28.6484375,20.0,0.0,0.0,28.6484375,20.0,0.0,0,21,0.0,0.0,0.46875,13.12109375
29.11449122428894,6.841520603295199,12.268151968976003,1,28.6484375,0.0,0.0,0.0,28.6484375,0.0,0.0,0,21,0.0,0.125,0.46875,13.24609375
29.21453332901001,7.001451327326431,12.241290262785357,1,28.6484375,10.0,0.0,0.0,28.6484375,10.0,0.0,0,21,0.0,0.0,0.46875,13.24609375
29.31448984146118,7.001451327326431,12.241290262785357,1,28.6484375,0.0,0.0,0.0,28.6484375,0.0,0.0,0,21,0.0,0.0,0.46875,13.24609375
29.414576530456543,7.155723535709602,12.218596551744232,1,28.6484375,0.0,0.0,0.0,28.6484375,0.0,0.0,0,21,0.0,0.0,0.46875,13.24609375
29.514859437942505,7.155723535709602,12.218596551744232,1,28.6484375,19.9,0.0,0.0,28.6484375,19.9,0.0,0,21,0.0,0.0,0.46875,13.24609375
29.614677667617798,7.335646172532894,12.205195622099472,1,28.6484375,0.0,0.0,0.0,28.6484375,0.0,0.0,0,21,0.0,0.0,0.46875,13.24609375
29.714460611343384,7.335646172532894,12.205195622099472,1,28.6484375,0.0,0.0,0.0,28.6484375,0.0,0.0,0,21,0.0,0.0,0.46875,13.24609375
29.814570903778076,7.4876987140973625,12.181969735855944,1,28.6484375,20.0,0.0,0.0,28.6484375,20.0,0.0,0,21,0.0,0.0,0.46875,13.24609375
29.914414167404175,7.4876987140973625,12.181969735855944,1,28.6484375,0.0,0.0,0.0,28.6484375,0.0,0.0,0,21,0.0,0.0,0.46875,13.24609375
30.01473617553711,7.662508975884638,12.175039586806784,1,28.6484375,0.0,0.0,0.0,28.6484375,0.0,0.0,0,21,0.0,0.0,0.46875,13.24609375
30.114538431167603,7.662508975884638,12.175039586806784,1,28.6484375,10.0,0.0,0.0,28.6484375,10.0,0.0,0,21,0.0,0.0,0.46875,13.24609375
30.214439630508423,7.809686829532038,12.177415540407074,1,28.65234375,0.0,0.0,0.0,28.65234375,0.0,0.0,0,21,0.0,0.0,0.46875,13.24609375
30.314998626708984,7.809686829532038,12.177415540407074,1,28.65234375,9.9,0.0,0.0,28.65234375,9.9,0.0,0,21,0.0,0.0,0.46875,13.24609375
30.41493558883667,7.973282471915846,12.150438447989798,1,28.65234375,10.0,0.0,0.0,28.65234375,10.0,0.0,0,21,0.0,0.0,0.46875,13.24609375
30.514459371566772,7.973282471915846,12.150438447989798,1,28.65234375,0.0,0.0,0.0,28.65234375,0.0,0.0,0,21,0.0,0.0,0.46875,13.24609375
30.614559650421143,8.125399175539794,12.137397108880613,1,28.65234375,10.0,0.0,0.0,28.65234375,10.0,0.0,0,21,0.0,0.03515625,0.46875,13.28125
30.71443009376526,8.125399175539794,12.137397108880613,1,28.65234375,10.0,0.0,0.0,28.65234375,10.0,0.0,0,21,0.0,0.0,0.46875,13.28125
30.81445598602295,8.224142936677106,12.132171234284428,1,28.65234375,0.0,0.0,0.0,28.65234375,0.0,0.0,0,21,0.0,0.0,0.46875,13.28125
30.914621114730835,8.224142936677106,12.132171234284428,1,28.65234375,0.0,0.0,0.0,28.65234375,0.0,0.0,0,22,0.0,0.0,0.46875,13.28125
31.014644861221313,8.218895336455423,11.692419770902077,1,28.65234375,10.0,0.0,0.0,28.65234375,10.0,0.0,0,22,0.0,0.0,0.46875,13.28125
31.114578008651733,8.218895336455423,11.692419770902077,1,28.65234375,10.0,0.0,0.0,28.65234375,10.0,0.0,0,22,0.0,0.0,0.46875,13.28125
31.2145779132843,8.341011522588133,11.516921787874093,1,28.65234375,0.0,0.0,0.0,28.65234375,0.0,0.0,0,22,0.0,0.0,0.46875,13.28125
31.314704656600952,8.341011522588133,11.516921787874093,1,28.65234375,10.0,0.0,0.0,28.65234375,10.0,0.0,0,22,0.0,0.0,0.46875,13.28125
31.414477348327637,8.25170153371631,11.444628593656034,1,28.65234375,0.0,0.0,0.0,28.65234375,0.0,0.0,0,22,0.0,0.0,0.46875,13.28125
31.514588117599487,8.25170153371631,11.444628593656034,1,28.65234375,10.0,0.0,0.0,28.65234375,10.0,0.0,0,22,0.0,0.0,0.46875,13.28125
31.61467742919922,8.320407218295196,11.354335858834645,1,28.65234375,0.0,0.0,0.0,28.65234375,0.0,0.0,0,22,0.0,0.0,0.46875,13.28125
31.714539766311646,8.320407218295196,11.354335858834645,1,28.65234375,10.0,0.0,0.0,28.65234375,10.0,0.0,0,22,0.0,0.0,0.46875,13.28125
31.814462423324585,8.388995817161474,11.28437053934434,1,28.65234375,0.0,0.0,0.0,28.65234375,0.0,0.0,0,22,0.0,0.1484375,0.46875,13.4296875
31.915042638778687,8.388995817161474,11.28437053934434,1,28.65234375,9.9,0.0,0.0,28.65234375,9.9,0.0,0,22,0.0,0.0,0.46875,13.4296875
32.0145525932312,8.50268533758602,11.21130766769771,1,28.65234375,10.1,0.0,0.0,28.65234375,10.1,0.0,0,22,0.0,0.0,0.46875,13.4296875
32.11453294754028,8.50268533758602,11.21130766769771,1,28.65234375,0.0,0.0,0.0,28.65234375,0.0,0.0,0,22,0.0,0.0,0.46875,13.4296875
32.21466517448425,8.645447001848027,11.10811854674486,1,28.65234375,0.0,0.0,0.0,28.65234375,0.0,0.0,0,22,0.0,0.0,0.46875,13.4296875
32.31448292732239,8.645447001848027,11.10811854674486,1,28.65234375,20.1,0.0,0.0,28.65234375,20.1,0.0,0,22,0.0,0.0,0.46875,13.4296875
32.414538621902466,8.785151402965198,11.033142956190627,1,28.65234375,0.0,0.0,0.0,28.65234375,0.0,0.0,0,22,0.0,0.0,0.46875,13.4296875
32.51448440551758,8.785151402965198,11.033142956190627,1,28.65234375,0.0,0.0,0.0,28.65234375,0.0,0.0,0,22,0.0,0.0,0.46875,13.4296875
32.61457848548889,8.908551962303056,10.967501881407706,1,28.65234375,10.0,0.0,0.0,28.65234375,10.0,0.0,0,22,0.0,0.0,0.46875,13.4296875
32.71500301361084,8.908551962303056,10.967501881407706,1,28.65234375,0.0,0.0,0.0,28.65234375,0.0,0.0,0,22,0.0,0.0,0.46875,13.4296875
32.81487226486206,9.032187051755319,10.882933138109122,1,28.65234375,10.0,0.0,0.0,28.65234375,10.0,0.0,0,22,0.0,0.0,0.46875,13.4296875
32.91485643386841,9.032187051755319,10.882933138109122,1,28.65234375,10.0,0.0,0.0,28.65234375,10.0,0.0,0,23,0.0,0.0,0.46875,13.4296875
33.01477289199829,9.189400258225163,10.798762951283,1,28.65234375,0.0,0.0,0.0,28.65234375,0.0,0.0,0,23,0.0,0.0,0.46875,13.4296875
33.11446237564087,9.189400258225163,10.798762951283,1,28.65234375,0.0,0.0,0.0,28.65234375,0.0,0.0,0,23,0.0,0.0,0.46875,13.4296875
33.214452505111694,9.323393828816888,10.738971219044483,1,28.65234375,10.0,0.0,0.0,28.65234375,10.0,0.0,0,23,0.0,0.0,0.46875,13.4296875
33.31451916694641,9.323393828816888,10.738971219044483,1,28.65234375,10.0,0.0,0.0,28.65234375,10.0,0.0,0,23,0.0,0.0,0.46875,13.4296875
33.41456699371338,9.479341545672064,10.670107251458482,1,28.65234375,10.0,0.0,0.0,28.65234375,10.0,0.0,0,23,0.0,0.00390625,0.46875,13.43359375
33.514785051345825,9.479341545672064,10.670107251458482,1,28.65234375,0.0,0.0,0.0,28.65234375,0.0,0.0,0,23,0.0,0.0,0.46875,13.43359375
33.614702224731445,9.627256911087606,10.613872675115003,1,28.65234375,0.0,0.0,0.0,28.65234375,0.0,0.0,0,23,0.0,0.0,0.46875,13.43359375
33.71469283103943,9.627256911087606,10.613872675115003,1,28.65234375,20.0,0.0,0.0,28.65234375,20.0,0.0,0,23,0.0,0.0,0.46875,13.43359375
33.814553022384644,9.755043729654906,10.565600299512104,1,28.65234375,0.0,0.0,0.0,28.65234375,0.0,0.0,0,23,0.0,0.0,0.46875,13.43359375
33.91444969177246,9.755043729654906,10.565600299512104,1,28.65234375,10.0,0.0,0.0,28.65234375,10.0,0.0,0,23,0.0,0.0,0.46875,13.43359375
34.01453375816345,9.906043224538008,10.510748945098264,1,28.65234375,0.0,0.0,0.0,28.65234375,0.0,0.0,0,23,0.0,0.0,0.46875,13.43359375
34.1145544052124,9.906043224538008,10.510748945098264,1,28.65234375,0.0,0.0,0.0,28.65234375,0.0,0.0,0,23,0.0,0.0,0.46875,13.43359375
34.214550256729126,10.020646109337303,10.449049899481025,1,28.65234375,10.0,0.0,0.0,28.65234375,10.0,0.0,0,23,0.0,0.0,0.46875,13.43359375
34.31476831436157,10.020646109337303,10.449049899481025,1,28.65234375,10.0,0.0,0.0,28.65234375,10.0,0.0,0,23,0.0,0.0,0.46875,13.43359375
34.41475439071655,10.152369663495802,10.35891991735894,1,28.65234375,0.0,0.0,0.0,28.65234375,0.0,0.0,0,23,0.0,0.01953125,0.46875,13.453125
34.51476311683655,10.152369663495802,10.35891991735894,1,28.65234375,10.0,0.0,0.0,28.65234375,10.0,0.0,0,23,0.0,0.0,0.46875,13.453125
34.614518880844116,10.306955423817382,10.296579809157233,1,28.65234375,0.0,0.0,0.0,28.65234375,0.0,0.0,0,23,0.0,0.0,0.46875,13.453125
34.714659452438354,10.306955423817382,10.296579809157233,1,28.65234375,10.0,0.0,0.0,28.65234375,10.0,0.0,0,23,0.0,0.0,0.46875,13.453125
34.81449341773987,10.452224695370367,10.219682910254416,1,28.65234375,10.0,0.0,0.0,28.65234375,10.0,0.0,0,23,0.0,0.0,0.46875,13.453125
34.9146523475647,10.452224695370367,10.219682910254416,1,28.65234375,0.0,0.0,0.0,28.65234375,0.0,0.0,0,24,0.0,0.0,0.46875,13.453125
35.014676570892334,10.585143362651564,10.137306181110114,1,28.65234375,10.0,0.0,0.0,28.65234375,10.0,0.0,0,24,0.0,0.0,0.46875,13.453125
35.11507511138916,10.585143362651564,10.137306181110114,1,28.65234375,0.0,0.0,0.0,28.65234375,0.0,0.0,0,24,0.0,0.0,0.46875,13.453125
35.21456050872803,10.70259384947186,10.085188917501087,1,28.65234375,0.0,0.0,0.0,28.65234375,0.0,0.0,0,24,0.0,0.0,0.46875,13.453125
35.31484055519104,10.70259384947186,10.085188917501087,1,28.65234375,10.0,0.0,0.0,28.65234375,10.0,0.0,0,24,0.0,0.0,0.46875,13.453125
35.41457724571228,10.847281355934117,9.987592098938268,1,28.65234375,10.0,0.0,0.0,28.65234375,10.0,0.0,0,24,0.0,0.0,0.46875,13.453125
35.51444625854492,10.847281355934117,9.987592098938268,1,28.65234375,0.0,0.0,0.0,28.65234375,0.0,0.0,0,24,0.0,0.0,0.46875,13.453125
35.61495900154114,10.981144154522033,9.925593060806404,1,28.65234375,9.9,0.0,0.0,28.65234375,9.9,0.0,0,24,0.0,0.0,0.46875,13.453125
35.71481728553772,10.981144154522033,9.925593060806404,1,28.65234375,0.0,0.0,0.0,28.65234375,0.0,0.0,0,24,0.0,0.0,0.46875,13.453125
35.81472110748291,11.116175770070313,9.86845987316946,1,28.65234375,10.0,0.0,0.0,28.65234375,10.0,0.0,0,24,0.0,0.0,0.46875,13.453125
35.91499447822571,11.116175770070313,9.86845987316946,1,28.65234375,10.0,0.0,0.0,28.65234375,10.0,0.0,0,24,0.0,0.0,0.46875,13.453125
36.0146062374115,11.252554409844901,9.820507304029867,1,28.65234375,0.0,0.0,0.0,28.65234375,0.0,0.0,0,25,0.0,0.00390625,0.46875,13.45703125
36.11466884613037,11.252554409844901,9.820507304029867,1,28.65234375,0.0,0.0,0.0,28.65234375,0.0,0.0,0,25,0.0,0.0,0.46875,13.45703125
36.21452355384827,11.371671688440257,9.751964658764278,1,28.65234375,10.0,0.0,0.0,28.65234375,10.0,0.0,0,25,0.0,0.0,0.46875,13.45703125
36.3145968914032,11.371671688440257,9.751964658764278,1,28.65234375,0.0,0.0,0.0,28.65234375,0.0,0.0,0,25,0.0,0.0,0.46875,13.45703125
36.414804220199585,11.485261632680677,9.69821420222336,1,28.65234375,19.9,0.0,0.0,28.65234375,19.9,0.0,0,25,0.0,0.109375,0.46875,13.56640625
36.514503955841064,11.485261632680677,9.69821420222336,1,28.65234375,0.0,0.0,0.0,28.65234375,0.0,0.0,0,25,0.0,0.0,0.46875,13.56640625
36.61454629898071,11.600082050822083,9.633354329090523,1,28.65234375,0.0,0.0,0.0,28.65234375,0.0,0.0,0,25,0.0,0.0,0.46875,13.56640625
36.7146692276001,11.600082050822083,9.633354329090523,1,28.65234375,10.0,0.0,0.0,28.65234375,10.0,0.0,0,25,0.0,0.0,0.46875,13.56640625
36.81469678878784,11.631925136442426,9.60856162170215,1,28.65234375,0.0,0.0,0.0,28.65234375,0.0,0.0,0,25,0.0,0.0,0.46875,13.56640625
36.91441297531128,11.631925136442426,9.60856162170215,1,28.65625,0.0,0.0,0.0,28.65625,0.0,0.0,0,25,0.0,0.0,0.46875,13.56640625
37.01453948020935,11.597363492957399,9.570251784158785,1,28.66796875,20.0,0.0,0.0,28.66796875,20.0,0.0,0,25,0.0,0.0,0.46875,13.56640625
37.114670515060425,11.597363492957399,9.570251784158785,1,28.66796875,0.0,0.0,0.0,28.66796875,0.0,0.0,0,25,0.0,0.0,0.46875,13.56640625
37.214558839797974,11.610806897335845,9.541148063739678,1,28.66796875,0.0,0.0,0.0,28.66796875,0.0,0.0,0,25,0.0,0.0,0.46875,13.56640625
37.314504861831665,11.610806897335845,9.541148063739678,1,28.66796875,20.0,0.0,0.0,28.66796875,20.0,0.0,0,25,0.0,0.0,0.46875,13.56640625
37.41452980041504,11.50771563487626,9.547300750349413,1,28.66796875,0.0,0.0,0.0,28.66796875,0.0,0.0,0,25,0.0,0.0,0.46875,13.56640625
37.51472043991089,11.50771563487626,9.547300750349413,1,28.66796875,0.0,0.0,0.0,28.66796875,0.0,0.0,0,25,0.0,0.0,0.46875,13.56640625
37.61454105377197,11.512539550389828,9.546349844285823,1,28.66796875,10.0,0.0,0.0,28.66796875,10.0,0.0,0,25,0.0,0.0,0.46875,13.56640625
37.71451687812805,11.512539550389828,9.546349844285823,1,28.66796875,10.0,0.0,0.0,28.66796875,10.0,0.0,0,25,0.0,0.0,0.46875,13.56640625
37.81463599205017,11.518156403121601,9.546282219239455,1,28.66796875,0.0,0.0,0.0,28.66796875,0.0,0.0,0,25,0.0,0.0,0.46875,13.56640625
37.91469764709473,11.518156403121601,9.546282219239455,1,28.66796875,10.0,0.0,0.0,28.66796875,10.0,0.0,0,26,0.0,0.0,0.46875,13.56640625
38.01447582244873,11.525320022264557,9.547294317212392,1,28.66796875,0.0,0.0,0.0,28.66796875,0.0,0.0,0,26,0.0,0.0,0.46875,13.56640625
38.11448287963867,11.525320022264557,9.547294317212392,1,28.671875,10.0,0.0,0.0,28.671875,10.0,0.0,0,26,0.0,0.0,0.46875,13.56640625
38.2144877910614,11.532907920289205,9.548884317011249,1,28.671875,10.0,0.0,0.0,28.671875,10.0,0.0,0,26,0.0,0.0,0.46875,13.56640625
38.31487679481506,11.532907920289205,9.548884317011249,1,28.671875,0.0,0.0,0.0,28.671875,0.0,0.0,0,26,0.0,0.0,0.46875,13.56640625
38.414663314819336,11.53921880950557,9.556198985591218,1,28.671875,0.0,0.0,0.0,28.671875,0.0,0.0,0,26,0.0,0.0,0.46875,13.56640625
38.51457190513611,11.53921880950557,9.556198985591218,1,28.671875,20.0,0.0,0.0,28.671875,20.0,0.0,0,26,0.0,0.0,0.46875,13.56640625
38.614550828933716,11.53829078946616,9.570358723019467,1,28.671875,0.0,0.0,0.0,28.671875,0.0,0.0,0,26,0.0,0.0,0.46875,13.56640625
38.71467661857605,11.53829078946616,9.570358723019467,1,28.671875,0.0,0.0,0.0,28.671875,0.0,0.0,0,26,0.0,0.0,0.46875,13.56640625
38.814536571502686,11.538855913028126,9.597973269655297,1,28.671875,0.0,0.0,0.0,28.671875,0.0,0.0,0,26,0.0,0.0,0.46875,13.56640625
38.914446115493774,11.538855913028126,9.597973269655297,1,28.671875,10.0,0.0,0.0,28.671875,10.0,0.0,0,26,0.0,0.0,0.46875,13.56640625
39.01458191871643,11.538535453928766,9.596682759117762,1,28.671875,10.0,0.0,0.0,28.671875,10.0,0.0,0,26,0.0,0.0,0.46875,13.56640625
39.11456608772278,11.538535453928766,9.596682759117762,1,28.671875,0.0,0.0,0.0,28.671875,0.0,0.0,0,26,0.0,0.0,0.46875,13.56640625
39.21464562416077,11.530877730203429,9.59754712148781,1,28.671875,10.0,0.0,0.0,28.671875,10.0,0.0,0,26,0.0,0.0,0.46875,13.56640625
39.31457161903381,11.530877730203429,9.59754712148781,1,28.671875,0.0,0.0,0.0,28.671875,0.0,0.0,0,26,0.0,0.0,0.46875,13.56640625
39.414461612701416,11.527637308376011,9.605491566825261,1,28.671875,10.0,0.0,0.0,28.671875,10.0,0.0,0,26,0.0,0.0,0.46875,13.56640625
39.514596700668335,11.527637308376011,9.605491566825261,1,28.671875,10.0,0.0,0.0,28.671875,10.0,0.0,0,26,0.0,0.0,0.46875,13.56640625
39.61499810218811,11.521994552796262,9.613098180459186,1,28.671875,0.0,0.0,0.0,28.671875,0.0,0.0,0,26,0.0,0.0,0.46875,13.56640625
39.71456551551819,11.521994552796262,9.613098180459186,1,28.671875,10.0,0.0,0.0,28.671875,10.0,0.0,0,26,0.0,0.0,0.46875,13.56640625
39.814696073532104,11.516049815806912,9.617703659545345,1,28.671875,0.0,0.0,0.0,28.671875,0.0,0.0,0,26,0.0,0.0,0.46875,13.56640625
39.91466236114502,11.516049815806912,9.617703659545345,1,28.671875,0.0,0.0,0.0,28.671875,0.0,0.0,0,27,0.0,0.0,0.46875,13.56640625
40.0145800113678,11.4533941132153,9.620285192660301,1,28.671875,10.0,0.0,0.0,28.671875,10.0,0.0,0,27,0.0,0.0,0.46875,13.56640625
40.11459279060364,11.4533941132153,9.620285192660301,1,28.671875,0.0,0.0,0.0,28.671875,0.0,0.0,0,27,0.0,0.0,0.46875,13.56640625
40.214447021484375,11.405598899694938,9.615417534432751,1,28.671875,20.0,0.0,0.0,28.671875,20.0,0.0,0,27,0.0,0.0,0.46875,13.56640625
40.31459331512451,11.405598899694938,9.615417534432751,1,28.671875,0.0,0.0,0.0,28.671875,0.0,0.0,0,27,0.0,0.0,0.46875,13.56640625
40.414413928985596,11.35865103833705,9.615453844167794,1,28.671875,0.0,0.0,0.0,28.671875,0.0,0.0,0,27,0.0,0.0,0.46875,13.56640625
40.514493227005005,11.35865103833705,9.615453844167794,1,28.671875,10.0,0.0,0.0,28.671875,10.0,0.0,0,27,0.0,0.0,0.46875,13.56640625
40.61447811126709,11.31141715700237,9.620616759452808,1,28.671875,10.0,0.0,0.0,28.671875,10.0,0.0,0,27,0.0,0.03515625,0.46875,13.6015625
40.714914321899414,11.31141715700237,9.620616759452808,1,28.671875,0.0,0.0,0.0,28.671875,0.0,0.0,0,27,0.0,0.0,0.46875,13.6015625
40.814518451690674,11.267977959573516,9.633000359000782,1,28.671875,0.0,0.0,0.0,28.671875,0.0,0.0,0,27,0.0,0.0,0.46875,13.6015625
40.91480803489685,11.267977959573516,9.633000359000782,1,28.671875,10.0,0.0,0.0,28.671875,10.0,0.0,0,28,0.0,0.0,0.46875,13.6015625
41.01481652259827,11.236381195003371,9.644858188839358,1,28.671875,10.0,0.0,0.0,28.671875,10.0,0.0,0,28,0.0,0.0,0.46875,13.6015625
41.11464476585388,11.236381195003371,9.644858188839358,1,28.671875,0.0,0.0,0.0,28.671875,0.0,0.0,0,28,0.0,0.0,0.46875,13.6015625
41.214526891708374,10.885583222216239,9.756610153711698,1,28.671875,10.0,0.0,0.0,28.671875,10.0,0.0,0,28,0.0,0.0,0.46875,13.6015625
41.31447172164917,10.885583222216239,9.756610153711698,1,28.671875,0.0,0.0,0.0,28.671875,0.0,0.0,0,28,0.0,0.0,0.46875,13.6015625
41.41471719741821,10.70957972340914,9.809705498759262,1,28.671875,0.0,0.0,0.0,28.671875,0.0,0.0,0,28,0.0,0.0,0.46875,13.6015625
41.514636754989624,10.70957972340914,9.809705498759262,1,28.671875,20.0,0.0,0.0,28.671875,20.0,0.0,0,28,0.0,0.0,0.46875,13.6015625
41.6145122051239,10.565158813040052,9.842951918902777,1,28.671875,0.0,0.0,0.0,28.671875,0.0,0.0,0,28,0.0,0.0,0.46875,13.6015625
41.71467661857605,10.565158813040052,9.842951918902777,1,28.671875,0.0,0.0,0.0,28.671875,0.0,0.0,0,28,0.0,0.0,0.46875,13.6015625
41.814462423324585,10.397757115302975,9.865621556528907,1,28.671875,10.0,0.0,0.0,28.671875,10.0,0.0,0,28,0.0,0.06640625,0.46875,13.66796875
41.91466188430786,10.397757115302975,9.865621556528907,1,28.671875,10.0,0.0,0.0,28.671875,10.0,0.0,0,29,0.0,0.00390625,0.46875,13.671875
42.015031814575195,10.232494613871243,9.91250102035562,1,28.671875,0.0,0.0,0.0,28.671875,0.0,0.0,0,29,0.0,0.0,0.46875,13.671875
42.114930868148804,10.232494613871243,9.91250102035562,1,28.671875,10.0,0.0,0.0,28.671875,10.0,0.0,0,29,0.0,0.0,0.46875,13.671875
42.21450328826904,10.088106829505321,9.942108421098732,1,28.671875,0.0,0.0,0.0,28.671875,0.0,0.0,0,29,0.0,0.0,0.46875,13.671875
42.314833641052246,10.088106829505321,9.942108421098732,1,28.671875,10.0,0.0,0.0,28.671875,10.0,0.0,0,29,0.0,0.0,0.46875,13.671875
42.414599657058716,9.941892085619795,9.996959981908866,1,28.671875,10.0,0.0,0.0,28.671875,10.0,0.0,0,29,0.0,0.0,0.46875,13.671875
42.51449012756348,9.941892085619795,9.996959981908866,1,28.671875,0.0,0.0,0.0,28.671875,0.0,0.0,0,29,0.0,0.0,0.46875,13.671875
42.614603996276855,9.784670050015652,10.034542214934222,1,28.671875,0.0,0.0,0.0,28.671875,0.0,0.0,0,29,0.0,0.0,0.46875,13.671875
42.71439790725708,9.784670050015652,10.034542214934222,1,28.671875,10.0,0.0,0.0,28.671875,10.0,0.0,0,29,0.0,0.0,0.46875,13.671875
42.81459832191467,9.5927304220074,10.02826520127331,1,28.671875,10.0,0.0,0.0,28.671875,10.0,0.0,0,29,0.0,0.0,0.46875,13.671875
42.914435625076294,9.5927304220074,10.02826520127331,1,28.671875,0.0,0.0,0.0,28.671875,0.0,0.0,0,29,0.0,0.0,0.46875,13.671875
43.01455903053284,9.409142647222854,10.04308152592036,1,28.671875,10.0,0.0,0.0,28.671875,10.0,0.0,0,29,0.0,0.0,0.46875,13.671875
43.114514112472534,9.409142647222854,10.04308152592036,1,28.671875,0.0,0.0,0.0,28.671875,0.0,0.0,0,29,0.0,0.0,0.46875,13.671875
43.21470832824707,9.238980686151258,10.08766983161869,1,28.671875,10.0,0.0,0.0,28.671875,10.0,0.0,0,29,0.0,0.0,0.46875,13.671875
43.314664125442505,9.238980686151258,10.08766983161869,1,28.671875,0.0,0.0,0.0,28.671875,0.0,0.0,0,29,0.0,0.0,0.46875,13.671875
43.41450524330139,9.088722005599777,10.130669642299504,1,28.671875,10.0,0.0,0.0,28.671875,10.0,0.0,0,29,0.0,0.0,0.46875,13.671875
43.514606952667236,9.088722005599777,10.130669642299504,1,28.671875,0.0,0.0,0.0,28.671875,0.0,0.0,0,29,0.0,0.0,0.46875,13.671875
43.61471772193909,8.897661019937797,10.151337449329443,1,28.671875,20.0,0.0,0.0,28.671875,20.0,0.0,0,29,0.0,0.0,0.46875,13.671875
43.714484214782715,8.897661019937797,10.151337449329443,1,28.671875,0.0,0.0,0.0,28.671875,0.0,0.0,0,29,0.0,0.0,0.46875,13.671875
43.81448197364807,8.728725420308116,10.174693966794344,1,28.671875,0.0,0.0,0.0,28.671875,0.0,0.0,0,29,0.0,0.0,0.46875,13.671875
43.91485667228699,8.728725420308116,10.174693966794344,1,28.671875,0.0,0.0,0.0,28.671875,0.0,0.0,0,30,0.0,0.0,0.46875,13.671875
44.014731645584106,8.546842154829914,10.191487770901709,1,28.671875,20.0,0.0,0.0,28.671875,20.0,0.0,0,30,0.0,0.0,0.46875,13.671875
44.114585876464844,8.546842154829914,10.191487770901709,1,28.671875,0.0,0.0,0.0,28.671875,0.0,0.0,0,30,0.0,0.3671875,0.46875,14.0390625
44.214683532714844,8.405203015863279,10.230951442961215,1,28.671875,0.0,0.0,0.0,28.671875,0.0,0.0,0,30,0.0,0.0,0.46875,14.0390625
44.31480073928833,8.405203015863279,10.230951442961215,1,28.671875,10.0,0.0,0.0,28.671875,10.0,0.0,0,30,0.0,0.0,0.46875,14.0390625
44.414681911468506,8.23643697655622,10.295059435745376,1,28.671875,0.0,0.0,0.0,28.671875,0.0,0.0,0,30,0.0,0.0,0.46875,14.0390625
44.51460909843445,8.23643697655622,10.295059435745376,1,28.671875,10.0,0.0,0.0,28.671875,10.0,0.0,0,30,0.0,0.0,0.46875,14.0390625
44.614590883255005,8.041915488034906,10.355989646927593,1,28.671875,10.0,0.0,0.0,28.671875,10.0,0.0,0,30,0.0,0.0,0.46875,14.0390625
44.71496868133545,8.041915488034906,10.355989646927593,1,28.671875,0.0,0.0,0.0,28.671875,0.0,0.0,0,30,0.0,0.0078125,0.46875,14.046875
44.81462025642395,7.864411063058768,10.391631075167076,1,28.671875,10.1,0.0,0.0,28.671875,10.1,0.0,0,30,0.0,0.0,0.46875,14.046875
44.9148108959198,7.864411063058768,10.391631075167076,1,28.6796875,0.0,0.0,0.0,28.6796875,0.0,0.0,0,31,0.0,0.0,0.46875,14.046875
45.01478910446167,7.680182920626624,10.456513391180259,1,28.6875,10.0,0.0,0.0,28.6875,10.0,0.0,0,31,0.0,0.0,0.46875,14.046875
45.114524602890015,7.680182920626624,10.456513391180259,1,28.6875,10.0,0.0,0.0,28.6875,10.0,0.0,0,31,0.0,0.0,0.46875,14.046875
45.21453785896301,7.528651324539343,10.498061555976829,1,28.6875,0.0,0.0,0.0,28.6875,0.0,0.0,0,31,0.0,0.0078125,0.46875,14.0546875
45.314666748046875,7.528651324539343,10.498061555976829,1,28.6875,0.0,0.0,0.0,28.6875,0.0,0.0,0,31,0.0,0.0,0.46875,14.0546875
45.41476273536682,7.336205576352565,10.570246954419341,1,28.6875,10.0,0.0,0.0,28.6875,10.0,0.0,0,31,0.0,0.0,0.46875,14.0546875
45.51476764678955,7.336205576352565,10.570246954419341,1,28.6875,10.0,0.0,0.0,28.6875,10.0,0.0,0,31,0.0,0.0,0.46875,14.0546875
45.614627838134766,7.109870976350777,10.63515687783703,1,28.6875,10.0,0.0,0.0,28.6875,10.0,0.0,0,31,0.0,0.0,0.46875,14.0546875
45.71461796760559,7.109870976350777,10.63515687783703,1,28.6875,0.0,0.0,0.0,28.6875,0.0,0.0,0,31,0.0,0.0,0.46875,14.0546875
45.81452298164368,6.967392189496486,10.671259175382392,1,28.6875,0.0,0.0,0.0,28.6875,0.0,0.0,0,31,0.0,0.0,0.46875,14.0546875
45.91471815109253,6.967392189496486,10.671259175382392,1,28.6875,20.0,0.0,0.0,28.6875,20.0,0.0,0,31,0.0,0.0,0.46875,14.0546875
46.01459741592407,6.828179081702466,10.710548478395026,1,28.6875,0.0,0.0,0.0,28.6875,0.0,0.0,0,31,0.0,0.0,0.46875,14.0546875
46.11447858810425,6.828179081702466,10.710548478395026,1,28.69140625,0.0,0.0,0.0,28.69140625,0.0,0.0,0,31,0.0,0.0,0.46875,14.0546875
46.21445178985596,6.570170576548481,10.73547508781893,1,28.69140625,10.0,0.0,0.0,28.69140625,10.0,0.0,0,31,0.0,0.0,0.46875,14.0546875
46.31460952758789,6.570170576548481,10.73547508781893,1,28.69140625,0.0,0.0,0.0,28.69140625,0.0,0.0,0,31,0.0,0.0,0.46875,14.0546875
46.41458225250244,6.447438810201202,10.773806765499334,1,28.69140625,10.0,0.0,0.0,28.69140625,10.0,0.0,0,31,0.0,0.0,0.46875,14.0546875
46.51461386680603,6.447438810201202,10.773806765499334,1,28.69140625,10.0,0.0,0.0,28.69140625,10.0,0.0,0,31,0.0,0.0,0.46875,14.0546875
46.61435317993164,6.278251687461637,10.817945113191357,1,28.69140625,0.0,0.0,0.0,28.69140625,0.0,0.0,0,31,0.0,0.0,0.46875,14.0546875
46.71446418762207,6.278251687461637,10.817945113191357,1,28.69140625,0.0,0.0,0.0,28.69140625,0.0,0.0,0,31,0.0,0.0,0.46875,14.0546875
46.81462740898132,6.075061972633058,10.832165042992273,1,28.69140625,10.0,0.0,0.0,28.69140625,10.0,0.0,0,31,0.0,0.0,0.46875,14.0546875
46.91446566581726,6.075061972633058,10.832165042992273,1,28.69140625,10.0,0.0,0.0,28.69140625,10.0,0.0,0,32,0.0,0.0,0.46875,14.0546875
47.01454281806946,5.929703418036219,10.88834022985162,1,28.69140625,0.0,0.0,0.0,28.69140625,0.0,0.0,0,32,0.0,0.0,0.46875,14.0546875
47.11452078819275,5.929703418036219,10.88834022985162,1,28.69140625,10.0,0.0,0.0,28.69140625,10.0,0.0,0,32,0.0,0.0,0.46875,14.0546875
47.214571714401245,5.717141257963505,10.928105925464925,1,28.69140625,0.0,0.0,0.0,28.69140625,0.0,0.0,0,32,0.0,0.0,0.46875,14.0546875
47.31461572647095,5.717141257963505,10.928105925464925,1,28.69140625,10.0,0.0,0.0,28.69140625,10.0,0.0,0,32,0.0,0.0,0.46875,14.0546875
47.41469955444336,5.499144840514273,11.0235375982184,1,28.69140625,10.0,0.0,0.0,28.69140625,10.0,0.0,0,32,0.0,0.0,0.46875,14.0546875
47.51445770263672,5.499144840514273,11.0235375982184,1,28.69140625,0.0,0.0,0.0,28.69140625,0.0,0.0,0,32,0.0,0.0,0.46875,14.0546875
47.614516496658325,5.354839591010613,11.03150573187798,1,28.69140625,0.0,0.0,0.0,28.69140625,0.0,0.0,0,32,0.0,0.0,0.46875,14.0546875
47.71463346481323,5.354839591010613,11.03150573187798,1,28.69140625,10.0,0.0,0.0,28.69140625,10.0,0.0,0,32,0.0,0.0,0.46875,14.0546875
47.814438581466675,5.131425978277026,11.090392880604355,1,28.69140625,0.0,0.0,0.0,28.69140625,0.0,0.0,0,32,0.0,0.0,0.46875,14.0546875
47.91475486755371,5.131425978277026,11.090392880604355,1,28.69140625,10.0,0.0,0.0,28.69140625,10.0,0.0,0,32,0.0,0.0,0.46875,14.0546875
48.014634132385254,4.947193056069345,11.13650340677081,1,28.69140625,10.0,0.0,0.0,28.69140625,10.0,0.0,0,32,0.0,0.0,0.46875,14.0546875
48.1144654750824,4.947193056069345,11.13650340677081,1,28.69140625,0.0,0.0,0.0,28.69140625,0.0,0.0,0,32,0.0,0.0,0.46875,14.0546875
48.214497804641724,4.777573098054148,11.182091159620619,1,28.69140625,0.0,0.0,0.0,28.69140625,0.0,0.0,0,32,0.0,0.0,0.46875,14.0546875
48.31455874443054,4.777573098054148,11.182091159620619,1,28.69140625,20.0,0.0,0.0,28.69140625,20.0,0.0,0,32,0.0,0.0,0.46875,14.0546875
48.41460347175598,4.592523561621242,11.2479551181717,1,28.69140625,0.0,0.0,0.0,28.69140625,0.0,0.0,0,32,0.390625,0.0078125,0.859375,14.0625
48.51455521583557,4.592523561621242,11.2479551181717,1,28.69140625,0.0,0.0,0.0,28.69140625,0.0,0.0,0,32,0.0,0.0,0.859375,14.0625
48.61452651023865,4.433502105007168,11.262427433216462,1,28.69140625,0.0,0.0,0.0,28.69140625,0.0,0.0,0,32,0.0,0.0,0.859375,14.0625
48.71497917175293,4.433502105007168,11.262427433216462,1,28.69140625,19.9,0.0,0.0,28.69140625,19.9,0.0,0,32,0.0,0.0,0.859375,14.0625
48.814582109451294,4.255195278337538,11.307662585221962,1,28.69140625,0.0,0.0,0.0,28.69140625,0.0,0.0,0,32,0.0,0.0,0.859375,14.0625
48.91462230682373,4.255195278337538,11.307662585221962,1,28.69140625,0.0,0.0,0.0,28.69140625,0.0,0.0,0,33,0.0,0.0,0.859375,14.0625
49.01451349258423,4.067631706892602,11.36430040973055,1,28.69140625,10.0,0.0,0.0,28.69140625,10.0,0.0,0,33,0.0,0.0,0.859375,14.0625
49.11465382575989,4.067631706892602,11.36430040973055,1,28.69140625,10.0,0.0,0.0,28.69140625,10.0,0.0,0,33,0.0,0.0,0.859375,14.0625
49.214601039886475,3.897767681990942,11.420813272472255,1,28.69140625,0.0,0.0,0.0,28.69140625,0.0,0.0,0,33,0.0,0.0,0.859375,14.0625
49.31454396247864,3.897767681990942,11.420813272472255,1,28.69140625,10.0,0.0,0.0,28.69140625,10.0,0.0,0,33,0.0,0.0,0.859375,14.0625
49.41441869735718,3.701249980693486,11.473095437125918,1,28.69140625,0.0,0.0,0.0,28.69140625,0.0,0.0,0,33,0.0,0.0,0.859375,14.0625
49.514851093292236,3.701249980693486,11.473095437125918,1,28.69140625,9.9,0.0,0.0,28.69140625,9.9,0.0,0,33,0.0,0.0,0.859375,14.0625
49.61485171318054,3.5298254172509473,11.500463397620887,1,28.69140625,0.0,0.0,0.0,28.69140625,0.0,0.0,0,33,0.0,0.0,0.859375,14.0625
49.71452331542969,3.5298254172509473,11.500463397620887,1,28.69140625,0.0,0.0,0.0,28.69140625,0.0,0.0,0,33,0.0,0.0859375,0.859375,14.1484375
49.81476402282715,3.375242381696559,11.52252621835731,1,28.69140625,10.0,0.0,0.0,28.69140625,10.0,0.0,0,33,0.0,0.0,0.859375,14.1484375
49.91447901725769,3.375242381696559,11.52252621835731,1,28.69140625,10.1,0.0,0.0,28.69140625,10.1,0.0,0,34,0.0,0.0,0.859375,14.1484375
50.014403104782104,3.21361345923129,11.543557587686212,1,28.69140625,0.0,0.0,0.0,28.69140625,0.0,0.0,0,34,0.0,0.0,0.859375,14.1484375
50.114511013031006,3.21361345923129,11.543557587686212,1,28.69140625,10.0,0.0,0.0,28.69140625,10.0,0.0,0,34,0.0,0.0,0.859375,14.1484375
50.21440529823303,2.996674949615638,11.584515498871571,1,28.69140625,0.0,0.0,0.0,28.69140625,0.0,0.0,0,34,0.0,0.0,0.859375,14.1484375
50.31456208229065,2.996674949615638,11.584515498871571,1,28.69140625,0.0,0.0,0.0,28.69140625,0.0,0.0,0,34,0.0,4.3984375,0.859375,18.546875
50.414661169052124,2.8731575586681757,11.631978893172931,1,28.69140625,0.0,0.0,0.0,28.69140625,0.0,0.0,0,34,0.0234375,0.00390625,0.8828125,18.55078125
50.51449537277222,2.8731575586681757,11.631978893172931,1,28.69140625,10.0,0.0,0.0,28.69140625,10.0,0.0,0,34,0.0,0.0,0.8828125,18.55078125
50.61449909210205,2.7117194554450883,11.642465308292177,1,28.69140625,0.0,0.0,0.0,28.69140625,0.0,0.0,0,34,0.0,0.0390625,0.8828125,18.58984375
50.71445393562317,2.7117194554450883,11.642465308292177,1,28.69140625,10.0,0.0,0.0,28.69140625,10.0,0.0,0,34,0.0,0.0,0.8828125,18.58984375
50.81483054161072,2.6007945101193783,11.686673749104884,1,28.69140625,0.0,0.0,0.0,28.69140625,0.0,0.0,0,34,0.0,0.0,0.8828125,18.58984375
50.91459536552429,2.6007945101193783,11.686673749104884,1,28.69140625,10.0,0.0,0.0,28.69140625,10.0,0.0,0,34,0.0,0.0,0.8828125,18.58984375
51.014740228652954,2.186217146169003,11.824954570083404,1,28.69140625,0.0,0.0,0.0,28.69140625,0.0,0.0,0,34,0.0,0.0,0.8828125,18.58984375
51.114866971969604,2.186217146169003,11.824954570083404,1,28.69140625,0.0,0.0,0.0,28.69140625,0.0,0.0,0,34,0.0,0.0,0.8828125,18.58984375
51.214526653289795,2.0780648412298106,11.81836314619919,1,28.69140625,0.0,0.0,0.0,28.69140625,0.0,0.0,0,34,0.0,0.0,0.8828125,18.58984375
51.31660532951355,2.0780648412298106,11.81836314619919,1,28.69140625,9.8,0.0,0.0,28.69140625,9.8,0.0,0,34,0.0,0.0,0.8828125,18.58984375
51.414379358291626,1.9049717211995407,11.884159764906165,1,28.69140625,10.2,0.0,0.0,28.69140625,10.2,0.0,0,34,0.0,0.00390625,0.8828125,18.59375
51.51441407203674,1.9049717211995407,11.884159764906165,1,28.69140625,0.0,0.0,0.0,28.69140625,0.0,0.0,0,34,0.0,0.0,0.8828125,18.59375
51.615134954452515,1.7447721755483734,11.942247315775958,1,28.69140625,0.0,0.0,0.0,28.69140625,0.0,0.0,0,34,0.0,0.0,0.8828125,18.59375
51.715776443481445,1.7447721755483734,11.942247315775958,1,28.69140625,0.0,0.0,0.0,28.69140625,0.0,0.0,0,34,0.0,0.0,0.8828125,18.59375
51.814698934555054,1.5442627761674217,11.967629306601566,1,28.69140625,10.1,0.0,0.0,28.69140625,10.1,0.0,0,34,0.0,0.0,0.8828125,18.59375
51.91445779800415,1.5442627761674217,11.967629306601566,1,28.69140625,10.0,0.0,0.0,28.69140625,10.0,0.0,0,35,0.0,0.0,0.8828125,18.59375
52.01506543159485,1.3870026985535446,12.01965176534106,1,28.69140625,0.0,0.0,0.0,28.69140625,0.0,0.0,0,35,0.00390625,0.26171875,0.88671875,18.85546875
52.11465549468994,1.3870026985535446,12.01965176534106,1,28.69140625,10.0,0.0,0.0,28.69140625,10.0,0.0,0,35,0.0,0.0,0.88671875,18.85546875
52.21459150314331,1.2078648332141917,12.042480716048015,1,28.69140625,0.0,0.0,0.0,28.69140625,0.0,0.0,0,35,0.0,0.0,0.88671875,18.85546875
52.314574003219604,1.2078648332141917,12.042480716048015,1,28.69140625,10.0,0.0,0.0,28.69140625,10.0,0.0,0,35,0.0,0.0,0.88671875,18.85546875
52.414472818374634,1.0528543711104703,12.064991831692623,1,28.69140625,10.0,0.0,0.0,28.69140625,10.0,0.0,0,35,0.01171875,1.015625,0.8984375,19.87109375
52.514596462249756,1.0528543711104703,12.064991831692623,1,28.69140625,0.0,0.0,0.0,28.69140625,0.0,0.0,0,35,0.0,0.33203125,0.8984375,20.203125
52.61466908454895,0.8505220958389828,12.05968655972309,1,28.69140625,0.0,0.0,0.0,28.69140625,0.0,0.0,0,35,0.0,0.0,0.8984375,20.203125
52.71526503562927,0.8505220958389828,12.05968655972309,1,28.69140625,9.9,0.0,0.0,28.69140625,9.9,0.0,0,35,0.0,0.00390625,0.8984375,20.20703125
52.814738035202026,0.6762515017602091,12.083416767673402,1,28.69140625,10.1,0.0,0.0,28.69140625,10.1,0.0,0,35,0.0,0.01171875,0.8984375,20.21875
52.91457653045654,0.6762515017602091,12.083416767673402,1,28.69921875,0.0,0.0,0.0,28.69921875,0.0,0.0,0,36,0.0,0.0,0.8984375,20.21875
53.01456427574158,0.5094142220240663,12.090144779712794,1,28.70703125,20.0,0.0,0.0,28.70703125,20.0,0.0,0,36,0.0,0.0,0.8984375,20.21875
53.11447787284851,0.5094142220240663,12.090144779712794,1,28.70703125,0.0,0.0,0.0,28.70703125,0.0,0.0,0,36,0.0,0.0,0.8984375,20.21875
53.214500427246094,0.34168215475052577,12.090254513353429,1,28.70703125,0.0,0.0,0.0,28.70703125,0.0,0.0,0,36,0.0,0.0,0.8984375,20.21875
53.31462621688843,0.34168215475052577,12.090254513353429,1,28.70703125,10.0,0.0,0.0,28.70703125,10.0,0.0,0,36,0.0,0.0,0.8984375,20.21875
53.41457223892212,0.15046813737480136,12.091789439517438,1,28.70703125,0.0,0.0,0.0,28.70703125,0.0,0.0,0,36,0.0,0.0,0.8984375,20.21875
53.51459336280823,0.15046813737480136,12.091789439517438,1,28.70703125,10.0,0.0,0.0,28.70703125,10.0,0.0,0,36,0.0,0.00390625,0.8984375,20.22265625
53.61458778381348,0.0023569701975318935,12.060477264300186,1,28.70703125,10.0,0.0,0.0,28.70703125,10.0,0.0,0,36,0.0,0.0,0.8984375,20.22265625
53.7147011756897,0.0023569701975318935,12.060477264300186,1,28.7109375,0.0,0.0,0.0,28.7109375,0.0,0.0,0,36,0.0,0.0,0.8984375,20.22265625
53.81471109390259,-0.09589635846648648,11.966034901311716,1,28.7109375,20.0,0.0,0.0,28.7109375,20.0,0.0,0,36,0.0,0.0,0.8984375,20.22265625
53.91457939147949,-0.09589635846648648,11.966034901311716,1,28.7109375,0.0,0.0,0.0,28.7109375,0.0,0.0,0,36,0.0,0.02734375,0.8984375,20.25
54.01457381248474,-0.371319722271803,12.031398171284195,1,28.7109375,0.0,0.0,0.0,28.7109375,0.0,0.0,0,37,0.0,0.0,0.8984375,20.25
54.114625215530396,-0.371319722271803,12.031398171284195,1,28.7109375,0.0,0.0,0.0,28.7109375,0.0,0.0,0,37,0.0,0.0,0.8984375,20.25
54.21459746360779,-0.4602039685528858,11.897505010405093,1,28.7109375,10.0,0.0,0.0,28.7109375,10.0,0.0,0,37,0.0,0.0,0.8984375,20.25
54.31492900848389,-0.4602039685528858,11.897505010405093,1,28.7109375,9.9,0.0,0.0,28.7109375,9.9,0.0,0,37,0.0,0.0,0.8984375,20.25
54.4145724773407,-0.5283893858232958,11.805858276726832,1,28.7109375,10.0,0.0,0.0,28.7109375,10.0,0.0,0,37,0.0,0.0,0.8984375,20.25
54.51479458808899,-0.5283893858232958,11.805858276726832,1,28.7109375,0.0,0.0,0.0,28.7109375,0.0,0.0,0,37,0.0,0.0,0.8984375,20.25
54.61468458175659,-0.6815444623442062,11.699569348341278,1,28.7109375,0.0,0.0,0.0,28.7109375,0.0,0.0,0,37,0.0,0.0,0.8984375,20.25
54.714672327041626,-0.6815444623442062,11.699569348341278,1,28.7109375,10.0,0.0,0.0,28.7109375,10.0,0.0,0,37,0.0,0.0,0.8984375,20.25
54.81470608711243,-0.7888156020533685,11.5819279817492,1,28.7109375,10.0,0.0,0.0,28.7109375,10.0,0.0,0,37,0.0,0.0,0.8984375,20.25
54.914538621902466,-0.7888156020533685,11.5819279817492,1,28.7109375,0.0,0.0,0.0,28.7109375,0.0,0.0,0,37,0.0,0.0,0.8984375,20.25
55.01456880569458,-0.8822870488230805,11.460612669811596,1,28.7109375,10.0,0.0,0.0,28.7109375,10.0,0.0,0,37,0.0,0.0,0.8984375,20.25
55.1149697303772,-0.8822870488230805,11.460612669811596,1,28.7109375,0.0,0.0,0.0,28.7109375,0.0,0.0,0,37,0.0,0.0,0.8984375,20.25
55.214611291885376,-0.9954702697803484,11.304010714103057,1,28.7109375,0.0,0.0,0.0,28.7109375,0.0,0.0,0,37,0.0,0.0,0.8984375,20.25
55.314663887023926,-0.9954702697803484,11.304010714103057,1,28.7109375,10.0,0.0,0.0,28.7109375,10.0,0.0,0,37,0.0,0.0,0.8984375,20.25
55.41446828842163,-1.0763442755553108,11.150745589606574,1,28.7109375,10.0,0.0,0.0,28.7109375,10.0,0.0,0,37,0.0,0.0,0.8984375,20.25
55.51484990119934,-1.0763442755553108,11.150745589606574,1,28.7109375,9.9,0.0,0.0,28.7109375,9.9,0.0,0,37,0.0,0.0,0.8984375,20.25
55.61445617675781,-1.1409107736814654,11.012593691644646,1,28.7109375,0.0,0.0,0.0,28.7109375,0.0,0.0,0,37,0.0,0.0,0.8984375,20.25
55.71461582183838,-1.1409107736814654,11.012593691644646,1,28.7109375,0.0,0.0,0.0,28.7109375,0.0,0.0,0,37,0.0,0.0,0.8984375,20.25
55.81455445289612,-1.2241080407666125,10.843850931488486,1,28.7109375,0.0,0.0,0.0,28.7109375,0.0,0.0,0,37,0.0,0.0,0.8984375,20.25
55.91478729248047,-1.2241080407666125,10.843850931488486,1,28.7109375,20.0,0.0,0.0,28.7109375,20.0,0.0,0,38,0.0,0.0,0.8984375,20.25
56.014466524124146,-1.283855553835508,10.699104164004758,1,28.7109375,0.0,0.0,0.0,28.7109375,0.0,0.0,0,38,0.0,0.0,0.8984375,20.25
56.11456346511841,-1.283855553835508,10.699104164004758,1,28.7109375,0.0,0.0,0.0,28.7109375,0.0,0.0,0,38,0.0,0.0,0.8984375,20.25
56.214507818222046,-1.3700520402901262,10.540903953324332,1,28.7109375,10.0,0.0,0.0,28.7109375,10.0,0.0,0,38,0.0,0.0,0.8984375,20.25
56.31462025642395,-1.3700520402901262,10.540903953324332,1,28.7109375,10.0,0.0,0.0,28.7109375,10.0,0.0,0,38,0.0,0.0,0.8984375,20.25
56.41444540023804,-1.4323080038740734,10.373067584656715,1,28.7109375,0.0,0.0,0.0,28.7109375,0.0,0.0,0,38,0.0,0.0,0.8984375,20.25
56.51445698738098,-1.4323080038740734,10.373067584656715,1,28.7109375,10.0,0.0,0.0,28.7109375,10.0,0.0,0,38,0.0,0.0,0.8984375,20.25
56.614498138427734,-1.5198503671937509,10.20666508202422,1,28.7109375,0.0,0.0,0.0,28.7109375,0.0,0.0,0,38,0.0,0.0,0.8984375,20.25
56.714776277542114,-1.5198503671937509,10.20666508202422,1,28.7109375,10.0,0.0,0.0,28.7109375,10.0,0.0,0,38,0.0,0.0,0.8984375,20.25
56.81455731391907,-1.611392204498749,10.06035830870469,1,28.7109375,10.0,0.0,0.0,28.7109375,10.0,0.0,0,38,0.0,0.0,0.8984375,20.25
56.914565324783325,-1.611392204498749,10.06035830870469,1,28.7109375,0.0,0.0,0.0,28.7109375,0.0,0.0,0,39,0.0,0.0,0.8984375,20.25
57.01455497741699,-1.69341716088163,9.895605708102641,1,28.7109375,0.0,0.0,0.0,28.7109375,0.0,0.0,0,39,0.0,0.0,0.8984375,20.25
57.11449956893921,-1.69341716088163,9.895605708102641,1,28.7109375,10.0,0.0,0.0,28.7109375,10.0,0.0,0,39,0.0,0.0,0.8984375,20.25
57.21451210975647,-1.7740417141240812,9.728911463424096,1,28.7109375,10.0,0.0,0.0,28.7109375,10.0,0.0,0,39,0.0,0.0,0.8984375,20.25
57.314563512802124,-1.7740417141240812,9.728911463424096,1,28.7109375,0.0,0.0,0.0,28.7109375,0.0,0.0,0,39,0.0,0.0,0.8984375,20.25
57.4145781993866,-1.846483571867438,9.588468422154925,1,28.7109375,10.0,0.0,0.0,28.7109375,10.0,0.0,0,39,0.0,0.0,0.8984375,20.25
57.514702796936035,-1.846483571867438,9.588468422154925,1,28.7109375,0.0,0.0,0.0,28.7109375,0.0,0.0,0,39,0.0,0.0,0.8984375,20.25
57.61472225189209,-1.9168958537287928,9.407150853405154,1,28.7109375,0.0,0.0,0.0,28.7109375,0.0,0.0,0,39,0.0,0.0,0.8984375,20.25
57.71469235420227,-1.9168958537287928,9.407150853405154,1,28.7109375,10.0,0.0,0.0,28.7109375,10.0,0.0,0,39,0.0,0.0,0.8984375,20.25
57.81447458267212,-1.9819736676658692,9.248423067661394,1,28.7109375,10.0,0.0,0.0,28.7109375,10.0,0.0,0,39,0.0,0.0,0.8984375,20.25
57.91459655761719,-1.9819736676658692,9.248423067661394,1,28.7109375,10.0,0.0,0.0,28.7109375,10.0,0.0,0,39,0.0,0.0,0.8984375,20.25
58.01450824737549,-2.0352674700498667,9.079263743719167,1,28.7109375,0.0,0.0,0.0,28.7109375,0.0,0.0,0,39,0.0,0.1171875,0.8984375,20.3671875
58.11454391479492,-2.0352674700498667,9.079263743719167,1,28.7109375,0.0,0.0,0.0,28.7109375,0.0,0.0,0,39,0.0,0.0,0.8984375,20.3671875
58.21454071998596,-2.0800651599971047,8.914205132576017,1,28.7109375,10.0,0.0,0.0,28.7109375,10.0,0.0,0,39,0.0,0.0,0.8984375,20.3671875
58.31494641304016,-2.0800651599971047,8.914205132576017,1,28.7109375,0.0,0.0,0.0,28.7109375,0.0,0.0,0,39,0.0,0.0,0.8984375,20.3671875
58.414732456207275,-2.148423612074435,8.728792348140376,1,28.7109375,10.0,0.0,0.0,28.7109375,10.0,0.0,0,39,0.0,0.0,0.8984375,20.3671875
58.51449489593506,-2.148423612074435,8.728792348140376,1,28.7109375,10.0,0.0,0.0,28.7109375,10.0,0.0,0,39,0.0,0.0,0.8984375,20.3671875
58.61482381820679,-2.206873755783114,8.593387205519038,1,28.7109375,0.0,0.0,0.0,28.7109375,0.0,0.0,0,39,0.0,0.0,0.8984375,20.3671875
58.71469688415527,-2.206873755783114,8.593387205519038,1,28.7109375,10.0,0.0,0.0,28.7109375,10.0,0.0,0,39,0.0,0.0,0.8984375,20.3671875
58.8145489692688,-2.2480171006507526,8.425470133406204,1,28.7109375,0.0,0.0,0.0,28.7109375,0.0,0.0,0,39,0.0,0.0,0.8984375,20.3671875
58.91459822654724,-2.2480171006507526,8.425470133406204,1,28.7109375,10.0,0.0,0.0,28.7109375,10.0,0.0,0,40,0.0,0.0,0.8984375,20.3671875
59.014606952667236,-2.2996687690048603,8.223685515040174,1,28.7109375,0.0,0.0,0.0,28.7109375,0.0,0.0,0,40,0.0,0.0,0.8984375,20.3671875
59.115023612976074,-2.2996687690048603,8.223685515040174,1,28.7109375,9.9,0.0,0.0,28.7109375,9.9,0.0,0,40,0.0,0.0,0.8984375,20.3671875
59.21458578109741,-2.3151042554260215,8.073296499424304,1,28.7109375,0.0,0.0,0.0,28.7109375,0.0,0.0,0,40,0.0,0.0,0.8984375,20.3671875
59.31457257270813,-2.3151042554260215,8.073296499424304,1,28.7109375,10.0,0.0,0.0,28.7109375,10.0,0.0,0,40,0.0,0.0,0.8984375,20.3671875
59.41503381729126,-2.378157111978883,7.918350982425565,1,28.7109375,0.0,0.0,0.0,28.7109375,0.0,0.0,0,40,0.0,0.0,0.8984375,20.3671875
59.514568567276,-2.378157111978883,7.918350982425565,1,28.7109375,10.1,0.0,0.0,28.7109375,10.1,0.0,0,40,0.0,0.0,0.8984375,20.3671875
59.614481687545776,-2.4309083247319485,7.733434354266061,1,28.7109375,0.0,0.0,0.0,28.7109375,0.0,0.0,0,40,0.0,0.0,0.8984375,20.3671875
59.714603900909424,-2.4309083247319485,7.733434354266061,1,28.7109375,20.0,0.0,0.0,28.7109375,20.0,0.0,0,40,0.0,0.0,0.8984375,20.3671875
59.81468892097473,-2.4784921043931867,7.5850948491505665,1,28.7109375,0.0,0.0,0.0,28.7109375,0.0,0.0,0,40,0.0,0.0,0.8984375,20.3671875
59.91511416435242,-2.4784921043931867,7.5850948491505665,1,28.7109375,0.0,0.0,0.0,28.7109375,0.0,0.0,0,40,0.0,0.0,0.8984375,20.3671875
60.01456642150879,-2.5498848107247483,7.421587637846294,1,28.7109375,10.1,0.0,0.0,28.7109375,10.1,0.0,0,40,0.0,0.0,0.8984375,20.3671875
60.11450672149658,-2.5498848107247483,7.421587637846294,1,28.7109375,10.0,0.0,0.0,28.7109375,10.0,0.0,0,40,0.0,0.0,0.8984375,20.3671875
60.21466112136841,-2.613401484061413,7.214584539838663,1,28.7109375,0.0,0.0,0.0,28.7109375,0.0,0.0,0,40,0.0,0.0,0.8984375,20.3671875
60.31456756591797,-2.613401484061413,7.214584539838663,1,28.7109375,10.0,0.0,0.0,28.7109375,10.0,0.0,0,40,0.0,0.0,0.8984375,20.3671875
60.41452503204346,-2.6299463358038047,7.086121210428731,1,28.7109375,0.0,0.0,0.0,28.7109375,0.0,0.0,0,40,0.0,0.0,0.8984375,20.3671875
60.51451230049133,-2.6299463358038047,7.086121210428731,1,28.7109375,10.0,0.0,0.0,28.7109375,10.0,0.0,0,40,0.0,0.0,0.8984375,20.3671875
60.61445927619934,-2.7037099198328676,6.895929293504828,1,28.7109375,10.0,0.0,0.0,28.7109375,10.0,0.0,0,40,0.0,0.046875,0.8984375,20.4140625
60.71468186378479,-2.7037099198328676,6.895929293504828,1,28.7109375,0.0,0.0,0.0,28.7109375,0.0,0.0,0,40,0.0,0.0,0.8984375,20.4140625
60.81463623046875,-2.7464175819377203,6.709381681236552,1,28.7109375,10.0,0.0,0.0,28.7109375,10.0,0.0,0,40,0.0,0.0,0.8984375,20.4140625
60.91473650932312,-2.7464175819377203,6.709381681236552,1,28.71875,0.0,0.0,0.0,28.71875,0.0,0.0,0,41,0.0,0.0,0.8984375,20.4140625
61.01474905014038,-2.8058158581939487,6.554238438436261,1,28.7265625,20.0,0.0,0.0,28.7265625,20.0,0.0,0,41,0.0,0.0,0.8984375,20.4140625
61.11439561843872,-2.8058158581939487,6.554238438436261,1,28.7265625,0.0,0.0,0.0,28.7265625,0.0,0.0,0,41,0.0,0.0,0.8984375,20.4140625
61.21441841125488,-2.884950367750683,6.359991218838765,1,28.7265625,0.0,0.0,0.0,28.7265625,0.0,0.0,0,41,0.0,0.0,0.8984375,20.4140625
61.31467795372009,-2.884950367750683,6.359991218838765,1,28.7265625,0.0,0.0,0.0,28.7265625,0.0,0.0,0,41,0.0,0.0,0.8984375,20.4140625
61.41470193862915,-2.9151632353075634,6.147003600731514,1,28.7265625,20.0,0.0,0.0,28.7265625,20.0,0.0,0,41,0.0,0.0,0.8984375,20.4140625
61.51524496078491,-2.9151632353075634,6.147003600731514,1,28.7265625,0.0,0.0,0.0,28.7265625,0.0,0.0,0,41,0.0,0.0,0.8984375,20.4140625
61.61492681503296,-2.936408522272025,6.012192602042536,1,28.7265625,0.0,0.0,0.0,28.7265625,0.0,0.0,0,41,0.0,0.0,0.8984375,20.4140625
61.714553117752075,-2.936408522272025,6.012192602042536,1,28.73046875,10.0,0.0,0.0,28.73046875,10.0,0.0,0,41,0.0,0.0,0.8984375,20.4140625
61.81444764137268,-3.021297893299362,5.8346738116215935,1,28.73046875,10.0,0.0,0.0,28.73046875,10.0,0.0,0,41,0.0,0.0,0.8984375,20.4140625
61.91448903083801,-3.021297893299362,5.8346738116215935,1,28.73046875,0.0,0.0,0.0,28.73046875,0.0,0.0,0,42,0.0,0.0,0.8984375,20.4140625
62.01459622383118,-3.081090316967604,5.679697845711216,1,28.73046875,0.0,0.0,0.0,28.73046875,0.0,0.0,0,42,0.0,0.0,0.8984375,20.4140625
62.11460757255554,-3.081090316967604,5.679697845711216,1,28.73046875,20.0,0.0,0.0,28.73046875,20.0,0.0,0,42,0.0,0.0,0.8984375,20.4140625
62.21462607383728,-3.116825164491118,5.517431980468277,1,28.73046875,0.0,0.0,0.0,28.73046875,0.0,0.0,0,42,0.0,0.0,0.8984375,20.4140625
62.31455969810486,-3.116825164491118,5.517431980468277,1,28.73046875,0.0,0.0,0.0,28.73046875,0.0,0.0,0,42,0.0,0.0,0.8984375,20.4140625
62.41480612754822,-3.204369399167426,5.31358860418392,1,28.73046875,19.9,0.0,0.0,28.73046875,19.9,0.0,0,42,0.0,0.0,0.8984375,20.4140625
62.51476263999939,-3.204369399167426,5.31358860418392,1,28.73046875,0.0,0.0,0.0,28.73046875,0.0,0.0,0,42,0.0,0.0,0.8984375,20.4140625
62.614431619644165,-3.2850110463240405,5.129192148374528,1,28.73046875,0.0,0.0,0.0,28.73046875,0.0,0.0,0,42,0.0,0.0,0.8984375,20.4140625
62.71491074562073,-3.2850110463240405,5.129192148374528,1,28.73046875,10.0,0.0,0.0,28.73046875,10.0,0.0,0,42,0.0,0.0,0.8984375,20.4140625
62.81459450721741,-3.3222087488064105,5.017219459913161,1,28.73046875,10.0,0.0,0.0,28.73046875,10.0,0.0,0,42,0.0,0.0,0.8984375,20.4140625
62.91455411911011,-3.3222087488064105,5.017219459913161,1,28.73046875,0.0,0.0,0.0,28.73046875,0.0,0.0,0,42,0.0,0.0,0.8984375,20.4140625
63.014487743377686,-3.3750448807942774,4.858206494280987,1,28.73046875,10.0,0.0,0.0,28.73046875,10.0,0.0,0,42,0.0,0.0,0.8984375,20.4140625
63.11481165885925,-3.3750448807942774,4.858206494280987,1,28.73046875,0.0,0.0,0.0,28.73046875,0.0,0.0,0,42,0.0,0.0,0.8984375,20.4140625
63.214820861816406,-3.4742827702738452,4.689568533883124,1,28.73046875,10.0,0.0,0.0,28.73046875,10.0,0.0,0,42,0.0,0.0,0.8984375,20.4140625
63.31478834152222,-3.4742827702738452,4.689568533883124,1,28.73046875,0.0,0.0,0.0,28.73046875,0.0,0.0,0,42,0.0,0.0,0.8984375,20.4140625
63.41478085517883,-3.5020477127597296,4.537758532801604,1,28.73046875,0.0,0.0,0.0,28.73046875,0.0,0.0,0,42,0.0,0.0,0.8984375,20.4140625
63.5147705078125,-3.5020477127597296,4.537758532801604,1,28.73046875,10.0,0.0,0.0,28.73046875,10.0,0.0,0,42,0.0,0.0,0.8984375,20.4140625
63.61473488807678,-3.578386263067042,4.387826931282479,1,28.73046875,10.0,0.0,0.0,28.73046875,10.0,0.0,0,42,0.0,0.0,0.8984375,20.4140625
63.714664936065674,-3.578386263067042,4.387826931282479,1,28.73046875,0.0,0.0,0.0,28.73046875,0.0,0.0,0,42,0.0,0.0,0.8984375,20.4140625
63.8146014213562,-3.6174816475366107,4.235003126996739,1,28.73046875,0.0,0.0,0.0,28.73046875,0.0,0.0,0,42,0.0,0.21484375,0.8984375,20.62890625
63.914644718170166,-3.6174816475366107,4.235003126996739,1,28.73046875,20.0,0.0,0.0,28.73046875,20.0,0.0,0,43,0.0,0.0,0.8984375,20.62890625
64.01467108726501,-3.69677450202855,4.085596856444084,1,28.73046875,0.0,0.0,0.0,28.73046875,0.0,0.0,0,43,0.0,0.0,0.8984375,20.62890625
64.11451816558838,-3.69677450202855,4.085596856444084,1,28.73046875,0.0,0.0,0.0,28.73046875,0.0,0.0,0,43,0.0,0.0,0.8984375,20.62890625
64.21448135375977,-3.7863567455787503,3.9212700800375053,1,28.73046875,10.0,0.0,0.0,28.73046875,10.0,0.0,0,43,0.0,0.0,0.8984375,20.62890625
64.31463050842285,-3.7863567455787503,3.9212700800375053,1,28.73046875,0.0,0.0,0.0,28.73046875,0.0,0.0,0,43,0.0,0.0,0.8984375,20.62890625
64.41467881202698,-3.898124541356516,3.7596109426389273,1,28.73046875,10.0,0.0,0.0,28.73046875,10.0,0.0,0,43,0.0,0.0,0.8984375,20.62890625
64.51447606086731,-3.898124541356516,3.7596109426389273,1,28.73046875,10.0,0.0,0.0,28.73046875,10.0,0.0,0,43,0.0,0.0,0.8984375,20.62890625
64.61463594436646,-4.1286310602236895,3.6209985456791536,1,28.73046875,0.0,0.0,0.0,28.73046875,0.0,0.0,0,43,0.0,0.0,0.8984375,20.62890625
64.71490907669067,-4.1286310602236895,3.6209985456791536,1,28.73046875,0.0,0.0,0.0,28.73046875,0.0,0.0,0,43,0.0,0.0,0.8984375,20.62890625
64.81447958946228,-4.2570307896582165,3.4306494799471903,1,28.73046875,10.1,0.0,0.0,28.73046875,10.1,0.0,0,43,0.0,0.0,0.8984375,20.62890625
64.91460752487183,-4.2570307896582165,3.4306494799471903,1,28.73046875,10.0,0.0,0.0,28.73046875,10.0,0.0,0,44,0.0,0.0,0.8984375,20.62890625
65.01461362838745,-4.324597978769447,3.2566556794040853,1,28.73046875,0.0,0.0,0.0,28.73046875,0.0,0.0,0,44,0.0,0.0,0.8984375,20.62890625
65.11452722549438,-4.324597978769447,3.2566556794040853,1,28.73046875,10.0,0.0,0.0,28.73046875,10.0,0.0,0,44,0.0,0.0,0.8984375,20.62890625
65.21478056907654,-4.451833167385239,3.151444503352481,1,28.73046875,0.0,0.0,0.0,28.73046875,0.0,0.0,0,44,0.0,0.0,0.8984375,20.62890625
65.31457710266113,-4.451833167385239,3.151444503352481,1,28.73046875,10.0,0.0,0.0,28.73046875,10.0,0.0,0,44,0.0,0.0,0.8984375,20.62890625
65.41443014144897,-4.444663763521589,2.962800269929028,1,28.73046875,0.0,0.0,0.0,28.73046875,0.0,0.0,0,44,0.0,0.0,0.8984375,20.62890625
65.5148446559906,-4.444663763521589,2.962800269929028,1,28.73046875,9.9,0.0,0.0,28.73046875,9.9,0.0,0,44,0.0,0.0,0.8984375,20.62890625
65.61457753181458,-4.441140946886367,2.828370134865491,1,28.73046875,0.0,0.0,0.0,28.73046875,0.0,0.0,0,44,0.0,0.0,0.8984375,20.62890625
65.71444535255432,-4.441140946886367,2.828370134865491,1,28.73046875,10.0,0.0,0.0,28.73046875,10.0,0.0,0,44,0.0,0.0,0.8984375,20.62890625
65.81451725959778,-4.447873039301545,2.668410770912452,1,28.73046875,10.0,0.0,0.0,28.73046875,10.0,0.0,0,44,0.0,0.0,0.8984375,20.62890625
65.91439628601074,-4.447873039301545,2.668410770912452,1,28.73046875,0.0,0.0,0.0,28.73046875,0.0,0.0,0,44,0.0,0.0,0.8984375,20.62890625
66.01445937156677,-4.44534007994028,2.4963818466367567,1,28.73046875,0.0,0.0,0.0,28.73046875,0.0,0.0,0,44,0.0,0.0,0.8984375,20.62890625
66.11464977264404,-4.44534007994028,2.4963818466367567,1,28.73046875,10.0,0.0,0.0,28.73046875,10.0,0.0,0,44,0.0,0.0,0.8984375,20.62890625
66.21448183059692,-4.437614227568744,2.330509575789984,1,28.73046875,10.0,0.0,0.0,28.73046875,10.0,0.0,0,44,0.0,0.0,0.8984375,20.62890625
66.31465983390808,-4.437614227568744,2.330509575789984,1,28.73046875,0.0,0.0,0.0,28.73046875,0.0,0.0,0,44,0.0,0.0,0.8984375,20.62890625
66.41466856002808,-4.415376360683226,2.190912034424688,1,28.73046875,10.0,0.0,0.0,28.73046875,10.0,0.0,0,44,0.0,0.0,0.8984375,20.62890625
66.51452732086182,-4.415376360683226,2.190912034424688,1,28.73046875,10.0,0.0,0.0,28.73046875,10.0,0.0,0,44,0.0,0.0,0.8984375,20.62890625
66.61463761329651,-4.4003275443259575,2.058168627059864,1,28.73046875,0.0,0.0,0.0,28.73046875,0.0,0.0,0,44,0.0,0.0,0.8984375,20.62890625
66.71446108818054,-4.4003275443259575,2.058168627059864,1,28.73046875,10.0,0.0,0.0,28.73046875,10.0,0.0,0,44,0.0,0.0,0.8984375,20.62890625
66.81455278396606,-4.394473511101506,1.9095115405496692,1,28.73046875,0.0,0.0,0.0,28.73046875,0.0,0.0,0,44,0.0,0.0,0.8984375,20.62890625
66.91447138786316,-4.394473511101506,1.9095115405496692,1,28.73046875,10.0,0.0,0.0,28.73046875,10.0,0.0,0,45,0.0,0.0,0.8984375,20.62890625
67.01460099220276,-4.40051528904867,1.7830965605078752,1,28.73046875,0.0,0.0,0.0,28.73046875,0.0,0.0,0,45,0.0,0.0,0.8984375,20.62890625
67.11480331420898,-4.40051528904867,1.7830965605078752,1,28.73046875,10.0,0.0,0.0,28.73046875,10.0,0.0,0,45,0.0,0.0,0.8984375,20.62890625
67.21467304229736,-4.370857558615445,1.6671738040925632,1,28.73046875,10.0,0.0,0.0,28.73046875,10.0,0.0,0,45,0.0,0.0,0.8984375,20.62890625
67.31498694419861,-4.370857558615445,1.6671738040925632,1,28.73046875,0.0,0.0,0.0,28.73046875,0.0,0.0,0,45,0.0,0.0,0.8984375,20.62890625
67.41451692581177,-4.347253340621066,1.5756521520746194,1,28.73046875,0.0,0.0,0.0,28.73046875,0.0,0.0,0,45,0.0,0.0,0.8984375,20.62890625
67.51442432403564,-4.347253340621066,1.5756521520746194,1,28.73046875,10.0,0.0,0.0,28.73046875,10.0,0.0,0,45,0.0,0.0,0.8984375,20.62890625
67.61447811126709,-4.331873612318347,1.534813463826442,1,28.73046875,10.0,0.0,0.0,28.73046875,10.0,0.0,0,45,0.0,0.0,0.8984375,20.62890625
67.7143976688385,-4.331873612318347,1.534813463826442,1,28.73046875,0.0,0.0,0.0,28.73046875,0.0,0.0,0,45,0.0,0.0,0.8984375,20.62890625
67.81461358070374,-4.311655702712034,1.4920321814113695,1,28.73046875,0.0,0.0,0.0,28.73046875,0.0,0.0,0,45,0.0,0.0,0.8984375,20.62890625
67.91464853286743,-4.311655702712034,1.4920321814113695,1,28.73046875,10.0,0.0,0.0,28.73046875,10.0,0.0,0,46,0.0,0.0,0.8984375,20.62890625
68.01460361480713,-4.295818322617571,1.4297865432174213,1,28.73046875,0.0,0.0,0.0,28.73046875,0.0,0.0,0,46,0.0,0.0,0.8984375,20.62890625
68.11441922187805,-4.295818322617571,1.4297865432174213,1,28.73046875,10.0,0.0,0.0,28.73046875,10.0,0.0,0,46,0.0,0.0,0.8984375,20.62890625
68.21443128585815,-4.307720549494057,1.4281568609693842,1,28.73046875,10.0,0.0,0.0,28.73046875,10.0,0.0,0,46,0.0,0.0,0.8984375,20.62890625
68.31446480751038,-4.307720549494057,1.4281568609693842,1,28.73046875,0.0,0.0,0.0,28.73046875,0.0,0.0,0,46,0.0,0.0,0.8984375,20.62890625
68.41464495658875,-4.314791949986628,1.4190595160010027,1,28.73046875,0.0,0.0,0.0,28.73046875,0.0,0.0,0,46,0.0,0.0,0.8984375,20.62890625
68.51450991630554,-4.314791949986628,1.4190595160010027,1,28.73046875,20.0,0.0,0.0,28.73046875,20.0,0.0,0,46,0.0,0.0,0.8984375,20.62890625
68.61462259292603,-4.324946171254645,1.412953539903251,1,28.73046875,0.0,0.0,0.0,28.73046875,0.0,0.0,0,46,0.0,0.0,0.8984375,20.62890625
68.71465110778809,-4.324946171254645,1.412953539903251,1,28.73046875,0.0,0.0,0.0,28.73046875,0.0,0.0,0,46,0.0,0.20703125,0.8984375,20.8359375
68.81502532958984,-4.3323247778494185,1.4009574716806519,1,28.73046875,0.0,0.0,0.0,28.73046875,0.0,0.0,0,46,0.0,0.0,0.8984375,20.8359375
68.9144012928009,-4.3323247778494185,1.4009574716806519,1,28.73828125,10.1,0.0,0.0,28.73828125,10.1,0.0,0,46,0.0,0.0,0.8984375,20.8359375
69.01458477973938,-4.3324214441170845,1.4009121599798817,1,28.74609375,10.0,0.0,0.0,28.74609375,10.0,0.0,0,46,0.0,0.0,0.8984375,20.8359375
69.11450052261353,-4.3324214441170845,1.4009121599798817,1,28.74609375,0.0,0.0,0.0,28.74609375,0.0,0.0,0,46,0.0,0.0,0.8984375,20.8359375
69.21465253829956,-4.322775872154082,1.406284911178366,1,28.74609375,10.0,0.0,0.0,28.74609375,10.0,0.0,0,46,0.0,0.0,0.8984375,20.8359375
69.31442451477051,-4.322775872154082,1.406284911178366,1,28.74609375,10.0,0.0,0.0,28.74609375,10.0,0.0,0,46,0.0,0.0,0.8984375,20.8359375
