timestamp,x,y,tile,total_mem_mb,total_cpu,costmap_update_rate_hz,costmap_update_count,costmap_full_count,disk_read_mb,disk_write_mb,total_disk_read_mb,total_disk_write_mb,map_server_mem_mb,map_server_cpu
0.11566805839538574,0.10326843213589094,-0.01595200686808739,1,64.3359375,0.0,0.0,0,1,0.0,0.0,0.0,0.0,28.2421875,0.0
0.21572661399841309,0.1039013823698782,-0.013857457618116938,1,64.3359375,0.0,0.0,0,1,0.0,0.0,0.0,0.0,28.2421875,0.0
0.3156752586364746,0.10479350345738665,-0.015647206751688715,1,64.3359375,10.0,0.0,0,1,0.0,0.0,0.0,0.0,28.2421875,10.0
0.4156322479248047,0.10576672113898213,-0.017606306713671742,1,64.3359375,0.0,0.0,0,1,0.0,0.0,0.0,0.0,28.2421875,0.0
0.5156867504119873,0.1055545570392658,-0.017977028881867228,1,64.3359375,0.0,0.0,0,1,0.0,0.0,0.0,0.0,28.2421875,0.0
0.6161699295043945,0.10438512068211982,-0.01760617781370073,1,64.3359375,9.9,0.0,0,1,0.0,0.0,0.0,0.0,28.2421875,9.9
0.7158374786376953,0.10608827650352852,-0.017883165636749285,1,64.3359375,10.0,0.0,0,1,0.0,0.0,0.0,0.0,28.2421875,10.0
0.8156685829162598,0.1078478039218318,-0.018756984885720567,1,64.3359375,0.0,0.0,0,1,0.00390625,0.0,0.00390625,0.0,28.2421875,0.0
0.9155945777893066,0.10870942342859226,-0.018445189220706114,1,64.3359375,0.0,0.0,0,1,0.0,0.0,0.00390625,0.0,28.2421875,0.0
1.0156917572021484,0.10376515228837069,-0.016204557389288485,1,64.3359375,10.0,0.0,0,1,0.0,0.0,0.00390625,0.0,28.2421875,10.0
1.1155765056610107,0.10508514416558268,-0.014956738022907704,1,64.3359375,0.0,0.0,0,2,0.0,0.0,0.00390625,0.0,28.2421875,0.0
1.2156193256378174,0.10695877725765149,-0.015825803432435753,1,64.3359375,10.0,0.0,0,2,0.0,0.0,0.00390625,0.0,28.2421875,10.0
1.3157589435577393,0.1061691844812573,-0.017513720827129188,1,64.3359375,0.0,0.0,0,2,0.0,0.0,0.00390625,0.0,28.2421875,0.0
1.4155850410461426,0.10391127371722585,-0.01703145279232562,1,64.3359375,0.0,0.0,0,2,0.0,0.0,0.00390625,0.0,28.2421875,0.0
1.5159509181976318,0.10299972264669592,-0.012831496968812639,1,64.3359375,9.9,0.0,0,2,0.0,0.0,0.00390625,0.0,28.2421875,9.9
1.6159272193908691,0.10636314780744517,-0.009719335522032446,1,64.3359375,0.0,0.0,0,2,0.0,0.0,0.00390625,0.0,28.2421875,0.0
1.715895652770996,0.10222682372091618,-0.006738019647787536,1,64.3359375,20.2,0.0,0,2,0.0,0.0,0.00390625,0.0,28.2421875,20.2
1.8156819343566895,0.10376105439207503,0.013866973611854998,1,64.3359375,0.0,0.0,0,2,0.0,0.0,0.00390625,0.0,28.2421875,0.0
1.9156017303466797,0.10784835496172628,0.03662525711444645,1,64.3359375,0.0,0.0,0,2,0.0,0.00390625,0.00390625,0.00390625,28.2421875,0.0
2.015794515609741,0.10878993871189387,0.06596839943235853,1,64.3359375,10.0,0.0,0,2,0.0,0.0,0.00390625,0.00390625,28.2421875,10.0
2.115746259689331,0.10509000808359714,0.09950152592108295,1,64.3359375,0.0,0.0,0,2,0.00390625,0.0,0.0078125,0.00390625,28.2421875,0.0
2.216081380844116,0.10749480232093847,0.11594447171341539,1,64.3359375,9.9,0.0,0,2,0.0,0.0,0.0078125,0.00390625,28.2421875,9.9
2.3160436153411865,0.10940760067599635,0.15583271833873685,1,64.3359375,0.0,0.0,0,2,0.0,0.0,0.0078125,0.00390625,28.2421875,0.0
2.4161221981048584,0.10803689360183368,0.19744057660486308,1,64.3359375,0.0,0.0,0,2,0.0,0.0,0.0078125,0.00390625,28.2421875,0.0
2.515855073928833,0.11582837114195824,0.23480200368931992,1,64.3359375,10.0,0.0,0,2,0.0,0.0,0.0078125,0.00390625,28.2421875,10.0
2.615586519241333,0.12232548117691532,0.316081134983294,1,64.3359375,10.1,0.0,0,2,0.0,0.0,0.0078125,0.00390625,28.2421875,10.1
2.715737819671631,0.12228527242311032,0.3544729841888582,1,64.3359375,0.0,0.0,0,2,0.0,0.0,0.0078125,0.00390625,28.2421875,0.0
2.8155970573425293,0.1292723046869017,0.4412673157313213,1,64.3359375,10.0,0.0,0,2,0.0,0.0,0.0078125,0.00390625,28.2421875,10.0
2.915670394897461,0.1192500586859592,0.49714748674139647,1,64.3359375,0.0,0.0,0,2,0.0,0.0,0.0078125,0.00390625,28.2421875,0.0
3.0159826278686523,0.11608343655910315,0.5513446332740237,1,64.3359375,0.0,0.0,0,2,0.0,0.1171875,0.0078125,0.12109375,28.2421875,0.0
3.1163864135742188,0.11788805499681039,0.5840470873575824,1,64.3359375,10.0,0.0,0,3,0.0,0.0,0.0078125,0.12109375,28.2421875,10.0
3.215902805328369,0.10926502683403634,0.6223901972298208,1,64.3359375,0.0,0.0,0,3,0.0,0.0,0.0078125,0.12109375,28.2421875,0.0
3.3158810138702393,0.11609141951872896,0.6751118973192699,1,64.3359375,10.0,0.0,0,3,0.0,0.0,0.0078125,0.12109375,28.2421875,10.0
3.415640354156494,0.10322375420629633,0.7365801713411438,1,64.3359375,10.0,0.0,0,3,0.0,0.0,0.0078125,0.12109375,28.2421875,10.0
3.5156350135803223,0.10859222204337275,0.7782117930783107,1,64.3359375,0.0,0.0,0,3,0.0,0.0,0.0078125,0.12109375,28.2421875,0.0
3.6157186031341553,0.11724156822435353,0.8189874231252819,1,64.3359375,0.0,0.0,0,3,0.0,0.0,0.0078125,0.12109375,28.2421875,0.0
3.7156150341033936,0.11099447384497861,0.8747717113103507,1,64.3359375,10.0,0.0,0,3,0.0,0.0,0.0078125,0.12109375,28.2421875,10.0
3.8157520294189453,0.1133103711230549,0.918116483793751,1,64.3359375,9.9,0.0,0,3,0.0,0.0,0.0078125,0.12109375,28.2421875,9.9
3.916144847869873,0.1123465827680842,0.9826874502899767,1,64.3359375,0.0,0.0,0,3,0.0,0.0,0.0078125,0.12109375,28.2421875,0.0
4.015687942504883,0.11819223416059355,1.0636266123291493,1,64.3359375,0.0,0.0,0,3,0.0,0.0,0.0078125,0.12109375,28.2421875,0.0
4.115690469741821,0.11479196190425593,1.0929278619247773,1,64.3359375,10.0,0.0,0,3,0.0,0.0,0.0078125,0.12109375,28.2421875,10.0
4.2157673835754395,0.10011597067501661,1.1349560811444441,1,64.3359375,0.0,0.0,0,3,0.0,0.0,0.0078125,0.12109375,28.2421875,0.0
4.315629482269287,0.10821781863225567,1.1938160355993086,1,64.3359375,10.0,0.0,0,3,0.0,0.0,0.0078125,0.12109375,28.2421875,10.0
4.415763854980469,0.13070791192071468,1.268782509872191,1,64.3359375,0.0,0.0,0,3,0.0,0.0,0.0078125,0.12109375,28.2421875,0.0
4.515950679779053,0.13454004734310263,1.3047481123115656,1,64.3359375,10.0,0.0,0,3,0.0,0.0,0.0078125,0.12109375,28.2421875,10.0
4.6156439781188965,0.1484305695801329,1.3556810382541475,1,64.3359375,0.0,0.0,0,3,0.0,0.0,0.0078125,0.12109375,28.2421875,0.0
4.7168004512786865,0.17450194748829975,1.4136288896445077,1,64.33984375,9.9,0.0,0,3,0.0,0.0,0.0078125,0.12109375,28.24609375,9.9
4.815689563751221,0.17346230100441737,1.4637697631835034,1,64.33984375,10.1,0.0,0,3,0.0,0.0,0.0078125,0.12109375,28.24609375,10.1
4.9156341552734375,0.18940026848574598,1.5253913040019766,1,64.33984375,0.0,0.0,0,3,0.0,0.0,0.0078125,0.12109375,28.24609375,0.0
5.015666484832764,0.1964571544637037,1.5755108426954676,1,64.33984375,0.0,0.0,0,3,0.0,0.05859375,0.0078125,0.1796875,28.24609375,0.0
5.115750074386597,0.21342701563428587,1.6267863983149202,1,64.33984375,20.0,0.0,0,4,0.0,0.0,0.0078125,0.1796875,28.24609375,20.0
5.215587377548218,0.21623066998520643,1.7244029678362385,1,64.33984375,0.0,0.0,0,4,0.0,0.0,0.0078125,0.1796875,28.24609375,0.0
5.315770626068115,0.21250159775209596,1.774892978784292,1,64.33984375,0.0,0.0,0,4,0.0,0.0,0.0078125,0.1796875,28.24609375,0.0
5.415678262710571,0.23317115350545872,1.8667418750992293,1,64.33984375,10.0,0.0,0,4,0.0,0.0,0.0078125,0.1796875,28.24609375,10.0
5.515854597091675,0.21959129457037352,1.9082190626479767,1,64.33984375,10.0,0.0,0,4,0.0,0.0,0.0078125,0.1796875,28.24609375,10.0
5.6159772872924805,0.2376404700217443,1.9987918718136937,1,64.33984375,0.0,0.0,0,4,0.0,0.0,0.0078125,0.1796875,28.24609375,0.0
5.715743064880371,0.23812905308618665,2.046410828167049,1,64.33984375,0.0,0.0,0,4,0.0,0.0,0.0078125,0.1796875,28.24609375,0.0
5.81574273109436,0.24617238942287922,2.1114298902927913,1,64.33984375,10.0,0.0,0,4,0.0,0.0,0.0078125,0.1796875,28.24609375,10.0
5.91614842414856,0.2644334531341502,2.1742113706562236,1,64.33984375,0.0,0.0,0,4,0.0,0.0,0.0078125,0.1796875,28.24609375,0.0
6.0157389640808105,0.2873259759930689,2.245792244860736,1,64.33984375,0.0,0.0,0,4,0.0,0.00390625,0.0078125,0.18359375,28.24609375,0.0
6.115647077560425,0.2849497077134121,2.304310259258197,1,64.33984375,20.0,0.0,0,5,0.0,0.0,0.0078125,0.18359375,28.24609375,20.0
6.215892791748047,0.2937023395155589,2.339361301821372,1,64.33984375,0.0,0.0,0,5,0.0,0.0,0.0078125,0.18359375,28.24609375,0.0
6.316129684448242,0.3115933521885318,2.418265587961624,1,64.33984375,0.0,0.0,0,5,0.0,0.0,0.0078125,0.18359375,28.24609375,0.0
6.416006326675415,0.32221080966689347,2.479126707276029,1,64.33984375,10.0,0.0,0,5,0.0,0.0,0.0078125,0.18359375,28.24609375,10.0
6.515582799911499,0.3213957222299593,2.5551596180469875,1,64.33984375,10.1,0.0,0,5,0.0,0.0,0.0078125,0.18359375,28.24609375,10.1
6.61582350730896,0.32242988546254836,2.611018705384195,1,64.33984375,0.0,0.0,0,5,0.0,0.0,0.0078125,0.18359375,28.24609375,0.0
6.715717554092407,0.33098940155590323,2.691755988807401,1,64.33984375,0.0,0.0,0,5,0.0,0.0,0.0078125,0.18359375,28.24609375,0.0
6.816020965576172,0.3083883190333954,2.7258791848921686,1,64.33984375,10.0,0.0,0,5,0.0,0.0,0.0078125,0.18359375,28.24609375,10.0
6.915919542312622,0.3213684109322564,2.7954619291950076,1,64.33984375,0.0,0.0,0,5,0.0,0.0,0.0078125,0.18359375,28.24609375,0.0
7.016051292419434,0.33057254616917964,2.851742651907782,1,64.33984375,10.0,0.0,0,5,0.0,0.0,0.0078125,0.18359375,28.24609375,10.0
7.116214990615845,0.3421804857883996,2.919720994167172,1,64.34375,10.0,0.0,0,5,0.0,0.0,0.0078125,0.18359375,28.25,10.0
7.215968370437622,0.35529738284784307,2.982760074073032,1,64.35546875,0.0,0.0,0,5,0.0,0.0,0.0078125,0.18359375,28.26171875,0.0
7.315913915634155,0.3617664827344633,3.0551846788938937,1,64.35546875,0.0,0.0,0,5,0.0,0.0,0.0078125,0.18359375,28.26171875,0.0
7.415676116943359,0.3744606553253849,3.119105798663273,1,64.35546875,20.1,0.0,0,5,0.0,0.0,0.0078125,0.18359375,28.26171875,20.1
7.515915155410767,0.391495719998983,3.16082034124521,1,64.35546875,0.0,0.0,0,5,0.0,0.0,0.0078125,0.18359375,28.26171875,0.0
7.615724086761475,0.4017093205596541,3.2329226660722736,1,64.35546875,0.0,0.0,0,5,0.0,0.0,0.0078125,0.18359375,28.26171875,0.0
7.715937852859497,0.40904329896604186,3.2906064610947743,1,64.35546875,0.0,0.0,0,5,0.0,0.0,0.0078125,0.18359375,28.26171875,0.0
7.815780162811279,0.41816183578098937,3.3662996520386774,1,64.35546875,20.0,0.0,0,5,0.0,0.0,0.0078125,0.18359375,28.26171875,20.0
7.915897607803345,0.42455314166102914,3.433688675746053,1,64.35546875,0.0,0.0,0,5,0.0,0.0,0.0078125,0.18359375,28.26171875,0.0
8.01617693901062,0.4262510829525345,3.4854965338361126,1,64.35546875,0.0,0.0,0,5,0.0,0.0,0.0078125,0.18359375,28.26171875,0.0
8.115993976593018,0.42841934947545496,3.5532804300623893,1,64.35546875,10.0,0.0,0,6,0.0,0.0,0.0078125,0.18359375,28.26171875,10.0
8.21609354019165,0.43508301719447084,3.5999830742089567,1,64.35546875,0.0,0.0,0,6,0.0,0.0,0.0078125,0.18359375,28.26171875,0.0
8.31575632095337,0.45651765079532,3.6925945865783376,1,64.35546875,10.0,0.0,0,6,0.0,0.0390625,0.0078125,0.22265625,28.26171875,10.0
8.415883541107178,0.4601499142605742,3.7658851253560623,1,64.35546875,0.0,0.0,0,6,0.0,0.03125,0.0078125,0.25390625,28.26171875,0.0
8.515748262405396,0.48251351077062443,3.8300601606280584,1,64.35546875,0.0,0.0,0,6,0.0,0.0,0.0078125,0.25390625,28.26171875,0.0
8.615898370742798,0.5011512486186376,3.9006935621025054,1,64.35546875,9.9,0.0,0,6,0.0,0.0,0.0078125,0.25390625,28.26171875,9.9
8.716566324234009,0.5084540711474831,3.98617386722727,1,64.35546875,10.0,0.0,0,6,0.0,0.0,0.0078125,0.25390625,28.26171875,10.0
8.815726280212402,0.5324714403655264,4.0320551165634,1,64.35546875,0.0,0.0,0,6,0.0,0.0,0.0078125,0.25390625,28.26171875,0.0
8.915602207183838,0.5505282968353514,4.098802990059422,1,64.35546875,0.0,0.0,0,6,0.0,0.0,0.0078125,0.25390625,28.26171875,0.0
9.015668153762817,0.5592979726395164,4.167805916739261,1,64.35546875,10.0,0.0,0,6,0.0,0.0,0.0078125,0.25390625,28.26171875,10.0
9.115707635879517,0.5696494884117621,4.258937782295869,1,64.35546875,0.0,0.0,0,7,0.0,0.0,0.0078125,0.25390625,28.26171875,0.0
9.215650796890259,0.5818847322619874,4.32440577407437,1,64.35546875,10.0,0.0,0,7,0.0,0.0,0.0078125,0.25390625,28.26171875,10.0
9.315695762634277,0.5984186942286236,4.411719726363022,1,64.35546875,10.0,0.0,0,7,0.0,0.00390625,0.0078125,0.2578125,28.26171875,10.0
9.416244268417358,0.6035591508022345,4.4903825285056875,1,64.35546875,0.0,0.0,0,7,0.0,0.0,0.0078125,0.2578125,28.26171875,0.0
9.515938758850098,0.6259806422591689,4.55942060283531,1,64.35546875,0.0,0.0,0,7,0.0,0.0,0.0078125,0.2578125,28.26171875,0.0
9.615673542022705,0.6324730090384733,4.618614623411424,1,64.35546875,10.0,0.0,0,7,0.0,0.0,0.0078125,0.2578125,28.26171875,10.0
9.715836763381958,0.64384204610973,4.69488970044982,1,64.35546875,10.0,0.0,0,7,0.0,0.0,0.0078125,0.2578125,28.26171875,10.0
9.815696239471436,0.6478398453479555,4.746921352216601,1,64.35546875,0.0,0.0,0,7,0.0,0.0,0.0078125,0.2578125,28.26171875,0.0
9.91560173034668,0.6787322187481261,4.850622500294896,1,64.35546875,10.0,0.0,0,7,0.0,0.0,0.0078125,0.2578125,28.26171875,10.0
10.01569414138794,0.6776708300805377,4.922625610264642,1,64.35546875,0.0,0.0,0,7,0.0,0.0,0.0078125,0.2578125,28.26171875,0.0
10.115645170211792,0.6956519159204204,4.992181723336597,1,64.35546875,10.0,0.0,0,7,0.0,0.05078125,0.0078125,0.30859375,28.26171875,10.0
10.21606993675232,0.7051207852885554,5.058928423873364,1,64.35546875,0.0,0.0,0,7,0.0,0.0,0.0078125,0.30859375,28.26171875,0.0
10.315900325775146,0.722702775498241,5.143372000439728,1,64.35546875,0.0,0.0,0,7,0.0,0.0,0.0078125,0.30859375,28.26171875,0.0
10.415885210037231,0.7226427172708353,5.2134796461242034,1,64.35546875,10.0,0.0,0,7,0.0,0.0,0.0078125,0.30859375,28.26171875,10.0
10.515734434127808,0.7467987099174798,5.300657667081644,1,64.35546875,10.0,0.0,0,7,0.0,0.0,0.0078125,0.30859375,28.26171875,10.0
10.615765571594238,0.7522885140085048,5.364502549177158,1,64.35546875,0.0,0.0,0,7,0.0,0.0,0.0078125,0.30859375,28.26171875,0.0
10.7156982421875,0.7742306353156544,5.4517539258968934,1,64.35546875,0.0,0.0,0,7,0.0,0.0,0.0078125,0.30859375,28.26171875,0.0
10.815691232681274,0.7739800361587424,5.508318155357545,1,64.35546875,10.0,0.0,0,7,0.0,0.0,0.0078125,0.30859375,28.26171875,10.0
10.915708065032959,0.786774305804834,5.581051344117832,1,64.35546875,10.0,0.0,0,7,0.0,0.0,0.0078125,0.30859375,28.26171875,10.0
11.01584267616272,0.7920834400100599,5.631273563523549,1,64.35546875,0.0,0.0,0,7,0.0,0.0,0.0078125,0.30859375,28.26171875,0.0
11.116061687469482,0.7989907689598624,5.688242551641327,1,64.35546875,0.0,0.0,0,8,0.0,0.0,0.0078125,0.30859375,28.26171875,0.0
11.215857744216919,0.8300825333880185,5.8023976637516474,1,64.35546875,10.0,0.0,0,8,0.0,0.0,0.0078125,0.30859375,28.26171875,10.0
11.315789461135864,0.8530483070686129,5.850729837330956,1,64.35546875,0.0,0.0,0,8,0.0,0.0,0.0078125,0.30859375,28.26171875,0.0
11.415712118148804,0.8595701573931438,5.87487169828231,1,64.35546875,10.0,0.0,0,8,0.0,0.0,0.0078125,0.30859375,28.26171875,10.0
11.516086101531982,0.8797017730323947,5.961312656553145,1,64.35546875,0.0,0.0,0,8,0.0,0.0,0.0078125,0.30859375,28.26171875,0.0
11.615610361099243,0.8958739170717249,6.057060727533204,1,64.35546875,0.0,0.0,0,8,0.0,0.0,0.0078125,0.30859375,28.26171875,0.0
11.716271877288818,0.9095318088606725,6.118636211207393,1,64.35546875,9.9,0.0,0,8,0.0,0.0,0.0078125,0.30859375,28.26171875,9.9
11.815844297409058,0.9234625077138446,6.181803702298592,1,64.35546875,10.1,0.0,0,8,0.0,0.0,0.0078125,0.30859375,28.26171875,10.1
11.91602349281311,0.9304431837043868,6.243196781991946,1,64.35546875,0.0,0.0,0,8,0.0,0.0,0.0078125,0.30859375,28.26171875,0.0
12.015819072723389,0.9381656942060158,6.330395701092615,1,64.35546875,10.0,0.0,0,8,0.0,0.0,0.0078125,0.30859375,28.26171875,10.0
12.116195917129517,0.9485533725881309,6.384637120578391,1,64.35546875,0.0,0.0,0,9,0.0,0.0,0.0078125,0.30859375,28.26171875,0.0
12.215585708618164,0.9873369686448993,6.471466463188418,1,64.35546875,0.0,0.0,0,9,0.0,0.0,0.0078125,0.30859375,28.26171875,0.0
12.315674781799316,0.9957363100669775,6.523332005559255,1,64.35546875,19.9,0.0,0,9,0.0,0.0,0.0078125,0.30859375,28.26171875,19.9
12.415759801864624,1.0190133872677662,6.580641857891012,1,64.35546875,0.0,0.0,0,9,0.0,0.0,0.0078125,0.30859375,28.26171875,0.0
12.515682458877563,1.0366168836714882,6.660414895116725,1,64.35546875,0.0,0.0,0,9,0.0,0.0,0.0078125,0.30859375,28.26171875,0.0
12.615630626678467,1.0531888784615595,6.726253541569868,1,64.35546875,0.0,0.0,0,9,0.0,0.0,0.0078125,0.30859375,28.26171875,0.0
12.715781688690186,1.0601140565407183,6.767950917359894,1,64.359375,20.0,0.0,0,9,0.0,0.0,0.0078125,0.30859375,28.265625,20.0
12.81593370437622,1.0787014414889529,6.840273524727294,1,64.359375,0.0,0.0,0,9,0.0,0.0,0.0078125,0.30859375,28.265625,0.0
12.915707111358643,1.079661681535735,6.954657515638865,1,64.359375,0.0,0.0,0,9,0.0,0.0,0.0078125,0.30859375,28.265625,0.0
13.015653133392334,1.0908967297639915,6.989545436978777,1,64.359375,10.0,0.0,0,9,0.0,0.0,0.0078125,0.30859375,28.265625,10.0
13.115724086761475,1.1025200753102655,7.071564867519451,1,64.359375,10.0,0.0,0,10,0.0,0.0,0.0078125,0.30859375,28.265625,10.0
13.215650796890259,1.1255430569797564,7.149005602626657,1,64.359375,0.0,0.0,0,10,0.0,0.0,0.0078125,0.30859375,28.265625,0.0
13.315672397613525,1.1250191177499238,7.2313494880975,1,64.359375,0.0,0.0,0,10,0.0,0.0,0.0078125,0.30859375,28.265625,0.0
13.415770053863525,1.1396534000487077,7.2690095383547195,1,64.359375,0.0,0.0,0,10,0.0,0.0,0.0078125,0.30859375,28.265625,0.0
13.515913963317871,1.170839029483387,7.322819448501901,1,64.359375,20.0,0.0,0,10,0.0,0.0,0.0078125,0.30859375,28.265625,20.0
13.615628480911255,1.1892294511300985,7.396662172573659,1,64.359375,0.0,0.0,0,10,0.0,0.0,0.0078125,0.30859375,28.265625,0.0
13.715754985809326,1.2018717132157564,7.480422944335764,1,64.359375,0.0,0.0,0,10,0.0,0.0,0.0078125,0.30859375,28.265625,0.0
13.815737009048462,1.2168659973434692,7.494034639973246,1,64.359375,10.0,0.0,0,10,0.0,0.0,0.0078125,0.30859375,28.265625,10.0
13.915839672088623,1.2354488655153337,7.611007218694563,1,64.359375,10.0,0.0,0,10,0.0,0.0,0.0078125,0.30859375,28.265625,10.0
14.01570463180542,1.2496723158739418,7.647428885272736,1,64.359375,0.0,0.0,0,10,0.0,0.0,0.0078125,0.30859375,28.265625,0.0
14.115751266479492,1.2781050137658008,7.7167069595238935,1,64.359375,0.0,0.0,0,11,0.0,0.0859375,0.0078125,0.39453125,28.265625,0.0
14.216016292572021,1.2860538607190746,7.797617342866503,1,64.359375,0.0,0.0,0,11,0.0,0.33984375,0.0078125,0.734375,28.265625,0.0
14.315987825393677,1.3057153970440258,7.865889346285475,1,64.359375,20.0,0.0,0,11,0.0,0.0,0.0078125,0.734375,28.265625,20.0
14.416680812835693,1.3212824221705586,7.923886805458509,1,64.359375,0.0,0.0,0,11,0.0,0.0,0.0078125,0.734375,28.265625,0.0
14.515927076339722,1.3401159250814534,7.984807364147766,1,64.359375,0.0,0.0,0,11,0.0,0.0,0.0078125,0.734375,28.265625,0.0
14.61565113067627,1.3492227794649618,8.062777021706244,1,64.359375,0.0,0.0,0,11,0.0,0.0,0.0078125,0.734375,28.265625,0.0
14.715734958648682,1.3643063494933696,8.124660280140258,1,64.359375,20.0,0.0,0,11,0.0,0.0,0.0078125,0.734375,28.265625,20.0
14.816083669662476,1.3931245754805823,8.187819757228903,1,64.359375,0.0,0.0,0,11,0.0,0.0,0.0078125,0.734375,28.265625,0.0
14.915702819824219,1.4178363453778928,8.251022390387154,1,64.359375,10.0,0.0,0,11,0.0,0.0,0.0078125,0.734375,28.265625,10.0
15.015661001205444,1.4302605471701535,8.343140806920498,1,64.359375,0.0,0.0,0,11,0.0,0.0,0.0078125,0.734375,28.265625,0.0
15.11580204963684,1.45831227461072,8.366009598929436,1,64.36328125,10.0,0.0,0,11,0.0,0.0,0.0078125,0.734375,28.26953125,10.0
15.216014623641968,1.4639484355105514,8.434458345283403,1,64.375,0.0,0.0,0,11,0.0,0.0,0.0078125,0.734375,28.28125,0.0
15.31568956375122,1.4871906785909352,8.49352087285129,1,64.375,0.0,0.0,0,11,0.0,0.015625,0.0078125,0.75,28.28125,0.0
15.415957689285278,1.4972211974616376,8.573678596993172,1,64.375,20.0,0.0,0,11,0.0,0.0,0.0078125,0.75,28.28125,20.0
15.515796184539795,1.5099780857801623,8.63655997006379,1,64.375,0.0,0.0,0,11,0.0,0.0,0.0078125,0.75,28.28125,0.0
15.61579442024231,1.5217195923518085,8.719182418193808,1,64.375,0.0,0.0,0,11,0.0078125,0.0,0.015625,0.75,28.28125,0.0
15.71581244468689,1.532368151071424,8.771796393756155,1,64.375,0.0,0.0,0,11,0.0,0.1171875,0.015625,0.8671875,28.28125,0.0
15.81575870513916,1.5540304214096137,8.836097135741726,1,64.375,10.0,0.0,0,11,0.00390625,0.0,0.01953125,0.8671875,28.28125,10.0
15.916219234466553,1.5607201383225249,8.906658418164847,1,64.375,9.9,0.0,0,11,0.12109375,0.09765625,0.140625,0.96484375,28.28125,9.9
16.015883922576904,1.5778360374745675,8.971880098681916,1,64.375,0.0,0.0,0,11,0.0078125,0.0,0.1484375,0.96484375,28.28125,0.0
16.115636587142944,1.6054917765365266,9.047024139022858,1,64.375,10.0,0.0,0,12,0.0,0.0,0.1484375,0.96484375,28.28125,10.0
16.216067790985107,1.6256002504737552,9.108242805717552,1,64.375,0.0,0.0,0,12,0.0,0.0,0.1484375,0.96484375,28.28125,0.0
16.316054582595825,1.6396323591496924,9.202845308450154,1,64.375,0.0,0.0,0,12,0.0,0.0,0.1484375,0.96484375,28.28125,0.0
16.415682315826416,1.6472767633288101,9.24319992389999,1,64.375,10.0,0.0,0,12,0.0,0.0,0.1484375,0.96484375,28.28125,10.0
16.515965938568115,1.6652850619763169,9.321355286065263,1,64.375,10.0,0.0,0,12,0.0,0.0,0.1484375,0.96484375,28.28125,10.0
16.616169691085815,1.6876277147833292,9.383766703280381,1,64.375,0.0,0.0,0,12,0.0,0.0,0.1484375,0.96484375,28.28125,0.0
16.71607208251953,1.6941309963634028,9.475779134017282,1,64.375,0.0,0.0,0,12,0.0,0.0,0.1484375,0.96484375,28.28125,0.0
16.815760374069214,1.7007476901124179,9.513297624399915,1,64.375,0.0,0.0,0,12,0.0,0.0,0.1484375,0.96484375,28.28125,0.0
16.916045665740967,1.7158461071176405,9.627400276648812,1,64.375,19.9,0.0,0,12,0.0,0.0,0.1484375,0.96484375,28.28125,19.9
17.01567506790161,1.7328811424809865,9.667304025891223,1,64.375,0.0,0.0,0,12,0.0,0.0,0.1484375,0.96484375,28.28125,0.0
17.115696668624878,1.7588484401394266,9.75137082005648,1,64.375,0.0,0.0,0,13,0.0,0.0,0.1484375,0.96484375,28.28125,0.0
17.215878009796143,1.7653750322510302,9.80769752667388,1,64.375,10.0,0.0,0,13,0.0,0.0,0.1484375,0.96484375,28.28125,10.0
17.316759824752808,1.801183433558442,9.882082311406386,1,64.375,0.0,0.0,0,13,0.0,0.0,0.1484375,0.96484375,28.28125,0.0
17.41583824157715,1.830463224919681,9.951477838949144,1,64.375,10.1,0.0,0,13,0.0,0.0,0.1484375,0.96484375,28.28125,10.1
17.515817642211914,1.8668348597038353,10.020379935301458,1,64.375,0.0,0.0,0,13,0.0,0.0,0.1484375,0.96484375,28.28125,0.0
17.615914344787598,1.901850577382789,10.082126035884388,1,64.375,0.0,0.0,0,13,0.0,0.0,0.1484375,0.96484375,28.28125,0.0
17.71581244468689,1.939066842253782,10.136098582199129,1,64.375,10.0,0.0,0,13,0.0,0.0,0.1484375,0.96484375,28.28125,10.0
17.815921306610107,1.9678833111875471,10.184187884192069,1,64.375,10.0,0.0,0,13,0.0,0.0,0.1484375,0.96484375,28.28125,10.0
17.91566777229309,2.0284089511412566,10.282570284560515,1,64.375,0.0,0.0,0,13,0.0,0.0,0.1484375,0.96484375,28.28125,0.0
18.016431093215942,2.069958391738347,10.353076551210693,1,64.375,0.0,0.0,0,13,0.0,0.0,0.1484375,0.96484375,28.28125,0.0
18.115756273269653,2.0991942868053766,10.38831452936912,1,64.375,10.1,0.0,0,13,0.0,0.0,0.1484375,0.96484375,28.28125,10.1
18.2158305644989,2.139844810860268,10.475273897473825,1,64.375,10.0,0.0,0,13,0.0,0.0,0.1484375,0.96484375,28.28125,10.0
18.316354990005493,2.1392925679659363,10.474184140821249,1,64.375,0.0,0.0,0,13,0.0,0.0,0.1484375,0.96484375,28.28125,0.0
18.415688514709473,2.2083645746970557,10.535618057180674,1,64.375,0.0,0.0,0,13,0.0,0.03125,0.1484375,0.99609375,28.28125,0.0
18.515614986419678,2.28592840710072,10.604897538429366,1,64.375,10.0,0.0,0,13,0.0,0.0,0.1484375,0.99609375,28.28125,10.0
18.615728855133057,2.3555625238214377,10.645821667997204,1,64.375,10.0,0.0,0,13,0.0,0.0,0.1484375,0.99609375,28.28125,10.0
18.71578359603882,2.4297018560207015,10.676510301151646,1,64.375,0.0,0.0,0,13,0.0,0.0,0.1484375,0.99609375,28.28125,0.0
18.815686225891113,2.494914123080693,10.712771654935166,1,64.375,0.0,0.0,0,13,0.0,0.0,0.1484375,0.99609375,28.28125,0.0
18.91581654548645,2.527078995220535,10.75884324899749,1,64.375,10.0,0.0,0,13,0.0,0.0,0.1484375,0.99609375,28.28125,10.0
19.01559066772461,2.642571967633813,10.813236424755598,1,64.375,0.0,0.0,0,13,0.0,0.0,0.1484375,0.99609375,28.28125,0.0
19.11569595336914,2.679533950486851,10.823607595452012,1,64.375,10.0,0.0,0,14,0.0,0.0,0.1484375,0.99609375,28.28125,10.0
19.215609550476074,2.76967239931784,10.895176702795244,1,64.375,0.0,0.0,0,14,0.0,0.0,0.1484375,0.99609375,28.28125,0.0
19.315593719482422,2.8191814105027553,10.927171516999303,1,64.375,0.0,0.0,0,14,0.0,0.03515625,0.1484375,1.03125,28.28125,0.0
19.415642976760864,2.9064802256976168,10.969845516231986,1,64.375,10.0,0.0,0,14,0.0,0.0,0.1484375,1.03125,28.28125,10.0
19.51579976081848,2.939126748506506,10.977753671045592,1,64.375,10.0,0.0,0,14,0.0,0.0,0.1484375,1.03125,28.28125,10.0
19.615575075149536,3.024868494230346,11.011497793951845,1,64.375,0.0,0.0,0,14,0.0,0.0,0.1484375,1.03125,28.28125,0.0
19.715686798095703,3.0659022410234216,11.013927999982762,1,64.375,0.0,0.0,0,14,0.0,0.0,0.1484375,1.03125,28.28125,0.0
19.815693378448486,3.1358829734190703,11.032227163321206,1,64.375,0.0,0.0,0,14,0.0,0.0,0.1484375,1.03125,28.28125,0.0
19.916067600250244,3.191848005716356,11.037878582105318,1,64.375,9.9,0.0,0,14,0.0,0.0,0.1484375,1.03125,28.28125,9.9
20.015656232833862,3.2650026671640773,11.034029157588082,1,64.375,10.1,0.0,0,14,0.0,0.0,0.1484375,1.03125,28.28125,10.1
20.115769624710083,3.330769248111109,11.047424461788474,1,64.375,0.0,0.0,0,15,0.0,0.0,0.1484375,1.03125,28.28125,0.0
20.215603828430176,3.4051021772274948,11.055036270740537,1,64.375,10.0,0.0,0,15,0.0,0.0,0.1484375,1.03125,28.28125,10.0
20.31568431854248,3.460698100622079,11.060078872724224,1,64.375,0.0,0.0,0,15,0.0,0.0,0.1484375,1.03125,28.28125,0.0
20.415731191635132,3.517089441829513,11.058513521274802,1,64.375,10.0,0.0,0,15,0.0,0.08203125,0.1484375,1.11328125,28.28125,10.0
20.515729188919067,3.6010140072067043,11.077907225708916,1,64.375,0.0,0.0,0,15,0.0,0.0,0.1484375,1.11328125,28.28125,0.0
20.615601301193237,3.6535675267933563,11.074477051968884,1,64.37890625,0.0,0.0,0,15,0.0,0.0,0.1484375,1.11328125,28.28515625,0.0
20.71622061729431,3.747320097320143,11.069918111400904,1,64.37890625,19.8,0.0,0,15,0.0,0.0,0.1484375,1.11328125,28.28515625,19.8
20.815770864486694,3.799544291600751,11.077001194194398,1,64.37890625,0.0,0.0,0,15,0.0,0.0,0.1484375,1.11328125,28.28515625,0.0
20.91569995880127,3.8772183477881,11.06334944975978,1,64.37890625,0.0,0.0,0,15,0.0,0.0,0.1484375,1.11328125,28.28515625,0.0
21.015703439712524,3.905982193599712,11.064542082451833,1,64.37890625,10.0,0.0,0,15,0.0,0.0,0.1484375,1.11328125,28.28515625,10.0
21.115604162216187,4.016290728483463,11.04274360929417,1,64.37890625,0.0,0.0,0,16,0.0,0.0,0.1484375,1.11328125,28.28515625,0.0
21.21568727493286,4.0518123661391705,11.038642790917342,1,64.37890625,10.0,0.0,0,16,0.0,0.0,0.1484375,1.11328125,28.28515625,10.0
21.3160719871521,4.160002348769509,11.01629800925361,1,64.37890625,0.0,0.0,0,16,0.0,0.0,0.1484375,1.11328125,28.28515625,0.0
21.41561508178711,4.236689267671928,11.016303400828107,1,64.37890625,0.0,0.0,0,16,0.0,0.0,0.1484375,1.11328125,28.28515625,0.0
21.5161190032959,4.304380854395901,10.994297293216608,1,64.37890625,19.9,0.0,0,16,0.0,0.0,0.1484375,1.11328125,28.28515625,19.9
21.61580467224121,4.367625752514242,10.990982200720682,1,64.37890625,0.0,0.0,0,16,0.0,0.0,0.1484375,1.11328125,28.28515625,0.0
21.715835094451904,4.4259944981463715,10.97638695278817,1,64.37890625,0.0,0.0,0,16,0.0,0.0,0.1484375,1.11328125,28.28515625,0.0
21.815908432006836,4.504270463664539,10.976638569580963,1,64.37890625,0.0,0.0,0,16,0.0,0.0,0.1484375,1.11328125,28.28515625,0.0
21.915597915649414,4.600205154656037,10.967528732411003,1,64.37890625,10.0,0.0,0,16,0.0,0.0859375,0.1484375,1.19921875,28.28515625,10.0
22.015665769577026,4.693548158899283,10.961191349267716,1,64.37890625,0.0,0.0,0,16,0.0,0.0,0.1484375,1.19921875,28.28515625,0.0
22.115843057632446,4.747894411570722,10.960905453046614,1,64.37890625,10.0,0.0,0,17,0.0,0.0,0.1484375,1.19921875,28.28515625,10.0
22.215683221817017,4.81968258986523,10.955008343395358,1,64.37890625,10.0,0.0,0,17,0.0,0.0,0.1484375,1.19921875,28.28515625,10.0
22.315649271011353,4.892454468247273,10.953000659994963,1,64.37890625,0.0,0.0,0,17,0.0,0.0,0.1484375,1.19921875,28.28515625,0.0
22.41571807861328,4.9410892941798,10.940638980225803,1,64.37890625,0.0,0.0,0,17,0.0,0.0,0.1484375,1.19921875,28.28515625,0.0
22.515856504440308,5.006463015139687,10.936263182299435,1,64.37890625,10.0,0.0,0,17,0.0,0.0,0.1484375,1.19921875,28.28515625,10.0
22.615936994552612,5.110130119335717,10.906006173688368,1,64.37890625,10.0,0.0,0,17,0.0,0.0,0.1484375,1.19921875,28.28515625,10.0
22.716014623641968,5.195229398443015,10.891465564988847,1,64.37890625,0.0,0.0,0,17,0.0,0.0,0.1484375,1.19921875,28.28515625,0.0
22.815698385238647,5.25943819067053,10.87961946176757,1,64.37890625,10.0,0.0,0,17,0.0,0.0,0.1484375,1.19921875,28.28515625,10.0
22.915841579437256,5.345229814825784,10.871062163146709,1,64.37890625,0.0,0.0,0,17,0.0,0.0,0.1484375,1.19921875,28.28515625,0.0
23.015965461730957,5.425358549881026,10.86036290036543,1,64.37890625,10.0,0.0,0,17,0.0,0.0,0.1484375,1.19921875,28.28515625,10.0
23.115713119506836,5.497888649042355,10.852935329425996,1,64.38671875,0.0,0.0,0,17,0.0,0.0,0.1484375,1.19921875,28.29296875,0.0
23.216221809387207,5.61059800975955,10.818349307735284,1,64.39453125,0.0,0.0,0,17,0.0,0.0,0.1484375,1.19921875,28.30078125,0.0
23.31580924987793,5.685713915711879,10.80575702002619,1,64.39453125,20.1,0.0,0,17,0.0,0.0,0.1484375,1.19921875,28.30078125,20.1
23.41573691368103,5.755097509767784,10.787406149045633,1,64.39453125,0.0,0.0,0,17,0.0,0.0,0.1484375,1.19921875,28.30078125,0.0
23.516109943389893,5.807986467488984,10.792936910833456,1,64.39453125,0.0,0.0,0,17,0.0,0.0,0.1484375,1.19921875,28.30078125,0.0
23.61571216583252,5.892790069898832,10.775878088398564,1,64.39453125,0.0,0.0,0,17,0.0,0.0,0.1484375,1.19921875,28.30078125,0.0
23.71598172187805,5.961927637580341,10.758645016475887,1,64.39453125,10.0,0.0,0,17,0.0,0.0,0.1484375,1.19921875,28.30078125,10.0
23.81574773788452,6.062682010305191,10.729278874843098,1,64.39453125,10.0,0.0,0,17,0.0,0.0,0.1484375,1.19921875,28.30078125,10.0
23.915669441223145,6.138240689960393,10.709839514645248,1,64.39453125,0.0,0.0,0,17,0.0,0.0,0.1484375,1.19921875,28.30078125,0.0
24.015993356704712,6.113179037847124,10.729193270189608,1,64.39453125,9.9,0.0,0,17,0.0,0.0,0.1484375,1.19921875,28.30078125,9.9
24.115848302841187,6.18240424031005,10.701440403877935,1,64.39453125,0.0,0.0,0,18,0.0,0.0,0.1484375,1.19921875,28.30078125,0.0
24.215673446655273,6.227079997317725,10.686371623740687,1,64.39453125,0.0,0.0,0,18,0.0,0.0,0.1484375,1.19921875,28.30078125,0.0
24.315663814544678,6.353578398167723,10.654404108823543,1,64.39453125,20.0,0.0,0,18,0.0,0.0,0.1484375,1.19921875,28.30078125,20.0
24.41566562652588,6.4699471415350684,10.612065570778356,1,64.39453125,0.0,0.0,0,18,0.0,0.0,0.1484375,1.19921875,28.30078125,0.0
24.51573657989502,6.550490766948866,10.60097256478241,1,64.39453125,0.0,0.0,0,18,0.0,0.01171875,0.1484375,1.2109375,28.30078125,0.0
24.61566472053528,6.634623542903308,10.570486576764146,1,64.39453125,0.0,0.0,0,18,0.0,0.0,0.1484375,1.2109375,28.30078125,0.0
24.71608877182007,6.697406164362905,10.55501030919952,1,64.39453125,9.9,0.0,0,18,0.0,0.0,0.1484375,1.2109375,28.30078125,9.9
24.815856218338013,6.774075397528289,10.528672937771724,1,64.39453125,10.0,0.0,0,18,0.0,0.0,0.1484375,1.2109375,28.30078125,10.0
24.915752172470093,6.833282213513371,10.515116332104684,1,64.39453125,0.0,0.0,0,18,0.0,0.0,0.1484375,1.2109375,28.30078125,0.0
25.016057014465332,6.937651291700212,10.48050581924279,1,64.39453125,0.0,0.0,0,18,0.0,0.0,0.1484375,1.2109375,28.30078125,0.0
25.115721464157104,6.997483287358839,10.466337198376136,1,64.39453125,10.0,0.0,0,19,0.0,0.0,0.1484375,1.2109375,28.30078125,10.0
25.215612411499023,7.057670913642312,10.442813679756098,1,64.39453125,10.1,0.0,0,19,0.0,0.0,0.1484375,1.2109375,28.30078125,10.1
25.315826892852783,7.125551490543302,10.422286736362773,1,64.39453125,0.0,0.0,0,19,0.0,0.0,0.1484375,1.2109375,28.30078125,0.0
25.4157977104187,7.213111517878329,10.400951507609532,1,64.39453125,0.0,0.0,0,19,0.0,0.0,0.1484375,1.2109375,28.30078125,0.0
25.51576328277588,7.2717721050199104,10.377516818719673,1,64.39453125,10.0,0.0,0,19,0.0,0.0,0.1484375,1.2109375,28.30078125,10.0
25.61627697944641,7.357903519391107,10.34607868539941,1,64.39453125,0.0,0.0,0,19,0.0,0.0,0.1484375,1.2109375,28.30078125,0.0
25.716606378555298,7.420690721095825,10.347857787580406,1,64.39453125,10.0,0.0,0,19,0.0,0.0,0.1484375,1.2109375,28.30078125,10.0
25.81614637374878,7.493537700691588,10.322832936596262,1,64.39453125,10.1,0.0,0,19,0.0,0.0,0.1484375,1.2109375,28.30078125,10.1
25.915605545043945,7.546290340568605,10.306716873900253,1,64.39453125,0.0,0.0,0,19,0.0,0.0,0.1484375,1.2109375,28.30078125,0.0
26.01568603515625,7.619063372280065,10.26929354917107,1,64.39453125,0.0,0.0,0,19,0.0,0.0,0.1484375,1.2109375,28.30078125,0.0
26.11583662033081,7.680018958378107,10.227520646105594,1,64.39453125,10.0,0.0,0,20,0.0,0.0,0.1484375,1.2109375,28.30078125,10.0
26.215895891189575,7.782118087874028,10.191786948128833,1,64.39453125,0.0,0.0,0,20,0.0,0.0,0.1484375,1.2109375,28.30078125,0.0
26.316441535949707,7.859416333404571,10.175576510806334,1,64.39453125,0.0,0.0,0,20,0.0,0.0,0.1484375,1.2109375,28.30078125,0.0
26.416088104248047,7.9313709327092745,10.150696240710374,1,64.39453125,10.0,0.0,0,20,0.0,0.0,0.1484375,1.2109375,28.30078125,10.0
26.515821933746338,7.982627759383566,10.130321047581782,1,64.39453125,10.1,0.0,0,20,0.0,0.0,0.1484375,1.2109375,28.30078125,10.1
26.61578106880188,8.027957822422744,10.100835724749093,1,64.39453125,0.0,0.0,0,20,0.0,0.0,0.1484375,1.2109375,28.30078125,0.0
26.715779066085815,8.132533468233861,10.08301307120589,1,64.39453125,10.0,0.0,0,20,0.0,0.0,0.1484375,1.2109375,28.30078125,10.0
26.81566071510315,8.224158347533665,10.044926958055813,1,64.39453125,10.0,0.0,0,20,0.0,0.0,0.1484375,1.2109375,28.30078125,10.0
26.915708780288696,8.301913327287245,10.022997449139389,1,64.39453125,0.0,0.0,0,20,0.0,0.0,0.1484375,1.2109375,28.30078125,0.0
27.015697240829468,8.375795995841482,9.999177576163119,1,64.39453125,0.0,0.0,0,20,0.0,0.0,0.1484375,1.2109375,28.30078125,0.0
27.11567735671997,8.444978894963063,9.982584183695515,1,64.39453125,0.0,0.0,0,20,0.0,0.0,0.1484375,1.2109375,28.30078125,0.0
27.21574115753174,8.526228818727077,9.953582304752032,1,64.39453125,19.9,0.0,0,20,0.00390625,0.05078125,0.15234375,1.26171875,28.30078125,19.9
27.31607460975647,8.598591486793719,9.917201090384177,1,64.39453125,0.0,0.0,0,20,0.0,0.0,0.15234375,1.26171875,28.30078125,0.0
27.415939331054688,8.664789096645787,9.866204089676675,1,64.39453125,0.0,0.0,0,20,0.0078125,0.0,0.16015625,1.26171875,28.30078125,0.0
27.515705347061157,8.792190702673569,9.828014980708579,1,64.39453125,0.0,0.0,0,20,0.0,0.0,0.16015625,1.26171875,28.30078125,0.0
27.615702629089355,8.879674464411487,9.737254139006792,1,64.39453125,20.0,0.0,0,20,0.0,0.0,0.16015625,1.26171875,28.30078125,20.0
27.71565580368042,8.986463458806357,9.64882437948003,1,64.39453125,0.0,0.0,0,20,0.0,0.0,0.16015625,1.26171875,28.30078125,0.0
27.81574511528015,9.087757149558954,9.58821681866841,1,64.39453125,0.0,0.0,0,20,0.0,0.0,0.16015625,1.26171875,28.30078125,0.0
27.915922164916992,9.199892412041043,9.54761894767744,1,64.39453125,0.0,0.0,0,20,0.0,0.0,0.16015625,1.26171875,28.30078125,0.0
28.01610016822815,9.263073096667815,9.49589178109325,1,64.39453125,9.9,0.0,0,20,0.0,0.0,0.16015625,1.26171875,28.30078125,9.9
28.115844249725342,9.383305352340352,9.415590255537479,1,64.39453125,10.1,0.0,0,21,0.0,0.0,0.16015625,1.26171875,28.30078125,10.1
28.215656280517578,9.417086412348024,9.402970137393066,1,64.39453125,0.0,0.0,0,21,0.0,0.0,0.16015625,1.26171875,28.30078125,0.0
28.31573987007141,9.523657172482576,9.350732860795947,1,64.39453125,0.0,0.0,0,21,0.0,0.0,0.16015625,1.26171875,28.30078125,0.0
28.415579557418823,9.613558667550498,9.331613769552025,1,64.39453125,0.0,0.0,0,21,0.078125,0.16015625,0.23828125,1.421875,28.30078125,0.0
28.515739679336548,9.699720584085599,9.306959429592858,1,64.39453125,19.9,0.0,0,21,0.00390625,0.0,0.2421875,1.421875,28.30078125,19.9
28.615822792053223,9.768117023905813,9.276569845662213,1,64.3984375,0.0,0.0,0,21,0.0,0.0,0.2421875,1.421875,28.3046875,0.0
28.71566152572632,9.847140876379182,9.253315118120915,1,64.3984375,0.0,0.0,0,21,0.0,0.0,0.2421875,1.421875,28.3046875,0.0
28.81578779220581,9.92818507129418,9.221883091982182,1,64.3984375,10.0,0.0,0,21,0.0,0.0,0.2421875,1.421875,28.3046875,10.0
28.915660858154297,9.995284417810804,9.205865912714993,1,64.3984375,10.0,0.0,0,21,0.0,0.0,0.2421875,1.421875,28.3046875,10.0
29.015642642974854,10.081488834438373,9.169162063205993,1,64.3984375,0.0,0.0,0,21,0.0,0.0,0.2421875,1.421875,28.3046875,0.0
29.115592002868652,10.170879674961887,9.169068848990129,1,64.3984375,10.0,0.0,0,21,0.0,0.0,0.2421875,1.421875,28.3046875,10.0
29.215925216674805,10.251655444825808,9.147925453163179,1,64.3984375,0.0,0.0,0,21,0.0,0.0,0.2421875,1.421875,28.3046875,0.0
29.31570601463318,10.309724980364633,9.136380388907302,1,64.3984375,0.0,0.0,0,21,0.0,0.0,0.2421875,1.421875,28.3046875,0.0
29.41569685935974,10.298887710265362,9.134161285672864,1,64.3984375,10.0,0.0,0,21,0.0,0.0,0.2421875,1.421875,28.3046875,10.0
29.515690565109253,10.358466961682508,9.117637012465071,1,64.3984375,0.0,0.0,0,21,0.0,0.0,0.2421875,1.421875,28.3046875,0.0
29.6157066822052,10.52001167053931,9.0894485638937,1,64.3984375,10.0,0.0,0,21,0.0,0.0,0.2421875,1.421875,28.3046875,10.0
29.715745210647583,10.630660318889234,9.054305845758973,1,64.3984375,0.0,0.0,0,21,0.0,0.0,0.2421875,1.421875,28.3046875,0.0
29.815836191177368,10.69022652031645,9.035723436733845,1,64.3984375,10.0,0.0,0,21,0.0,0.0,0.2421875,1.421875,28.3046875,10.0
29.9156973361969,10.793384505396554,8.997916215043352,1,64.3984375,10.0,0.0,0,21,0.0,0.0,0.2421875,1.421875,28.3046875,10.0
30.015737771987915,10.869104756021093,8.978309953289662,1,64.3984375,0.0,0.0,0,21,0.0,0.0,0.2421875,1.421875,28.3046875,0.0
30.115598440170288,10.940132075301932,8.9655268806953,1,64.3984375,0.0,0.0,0,22,0.0,0.0,0.2421875,1.421875,28.3046875,0.0
30.215744972229004,11.020362925276975,8.9379084113925,1,64.3984375,0.0,0.0,0,22,0.0,0.0,0.2421875,1.421875,28.3046875,0.0
30.315663814544678,11.082097795924453,8.935655339302832,1,64.3984375,20.0,0.0,0,22,0.0,0.0,0.2421875,1.421875,28.3046875,20.0
30.41592311859131,11.190265802901857,8.912127690031467,1,64.3984375,0.0,0.0,0,22,0.0,0.0,0.2421875,1.421875,28.3046875,0.0
30.515710830688477,11.284715574641451,8.900617761274855,1,64.3984375,0.0,0.0,0,22,0.0,0.0,0.2421875,1.421875,28.3046875,0.0
30.615844011306763,11.365022841978417,8.887529660126399,1,64.3984375,10.0,0.0,0,22,0.0,0.0,0.2421875,1.421875,28.3046875,10.0
30.715724229812622,11.433902316582401,8.884073457846343,1,64.3984375,0.0,0.0,0,22,0.0,0.0,0.2421875,1.421875,28.3046875,0.0
30.815825700759888,11.502677628861711,8.877641922253947,1,64.3984375,10.0,0.0,0,22,0.0,0.0,0.2421875,1.421875,28.3046875,10.0
30.915623664855957,11.594155632160973,8.853109230977514,1,64.3984375,0.0,0.0,0,22,0.0,0.0,0.2421875,1.421875,28.3046875,0.0
31.01567053794861,11.673233638342795,8.830211054991628,1,64.3984375,0.0,0.0,0,22,0.0,0.0,0.2421875,1.421875,28.3046875,0.0
31.115697383880615,11.708068265036285,8.825743663442388,1,64.40625,10.0,0.0,0,22,0.00390625,0.0,0.24609375,1.421875,28.3125,10.0
31.21578288078308,11.80543397808134,8.811081246892204,1,64.4140625,0.0,0.0,0,22,0.0,0.0,0.24609375,1.421875,28.3203125,0.0
31.315680742263794,11.899366026852556,8.805774951836472,1,64.4140625,10.1,0.0,0,22,0.0,0.0,0.24609375,1.421875,28.3203125,10.1
31.41584300994873,11.9945935902993,8.780849101444163,1,64.4140625,10.0,0.0,0,22,0.0,0.0,0.24609375,1.421875,28.3203125,10.0
31.515971899032593,12.081717026929503,8.773421804382474,1,64.4140625,0.0,0.0,0,22,0.0,0.0,0.24609375,1.421875,28.3203125,0.0
31.615849494934082,12.122369160114811,8.762642537100707,1,64.4140625,10.0,0.0,0,22,0.0,0.0,0.24609375,1.421875,28.3203125,10.0
31.715709686279297,12.254902135394419,8.760507998625236,1,64.4140625,10.0,0.0,0,22,0.0,0.0,0.24609375,1.421875,28.3203125,10.0
31.815693140029907,12.32013649458352,8.749262550651938,1,64.4140625,0.0,0.0,0,22,0.0,0.0,0.24609375,1.421875,28.3203125,0.0
31.916035890579224,12.396386665253397,8.735465033411716,1,64.4140625,0.0,0.0,0,22,0.0,0.0,0.24609375,1.421875,28.3203125,0.0
32.01612448692322,12.47685560252601,8.725953529839407,1,64.4140625,10.0,0.0,0,22,0.0,0.0,0.24609375,1.421875,28.3203125,10.0
32.11580014228821,12.568907854509687,8.721578043855965,1,64.41796875,0.0,0.0,0,23,0.0,0.0,0.24609375,1.421875,28.32421875,0.0
32.21568441390991,12.646130313301645,8.708981034401406,1,64.41796875,0.0,0.0,0,23,0.0,0.0,0.24609375,1.421875,28.32421875,0.0
32.31606197357178,12.745566318251385,8.701824476250948,1,64.41796875,20.0,0.0,0,23,0.0,0.0,0.24609375,1.421875,28.32421875,20.0
32.415651082992554,12.818926125390334,8.690778786885824,1,64.41796875,0.0,0.0,0,23,0.0,0.0,0.24609375,1.421875,28.32421875,0.0
32.51566815376282,12.897965763897277,8.680388441128132,1,64.41796875,10.0,0.0,0,23,0.0,0.0,0.24609375,1.421875,28.32421875,10.0
32.61580562591553,13.009068881133615,8.655488719322086,1,64.41796875,0.0,0.0,0,23,0.0,0.0,0.24609375,1.421875,28.32421875,0.0
32.71566653251648,13.080726185146036,8.661160164706823,1,64.41796875,0.0,0.0,0,23,0.0,0.0,0.24609375,1.421875,28.32421875,0.0
32.81561851501465,13.154311194688736,8.649713934269982,1,64.41796875,10.0,0.0,0,23,0.0,0.0,0.24609375,1.421875,28.32421875,10.0
32.91562533378601,13.230940923591458,8.641379579357366,1,64.41796875,10.0,0.0,0,23,0.0,0.0,0.24609375,1.421875,28.32421875,10.0
33.015697717666626,13.341664646769042,8.629773428728374,1,64.41796875,0.0,0.0,0,23,0.0,0.0,0.24609375,1.421875,28.32421875,0.0
33.11594915390015,13.423382886419656,8.624423011417809,1,64.41796875,0.0,0.0,0,23,0.0,0.0,0.24609375,1.421875,28.32421875,0.0
33.21587610244751,13.513150689506626,8.618728319110637,1,64.41796875,10.0,0.0,0,23,0.0,0.0,0.24609375,1.421875,28.32421875,10.0
33.31574726104736,13.593739799487466,8.609889863677578,1,64.41796875,10.0,0.0,0,23,0.0,0.0,0.24609375,1.421875,28.32421875,10.0
33.41579818725586,13.653274445273079,8.617374000378176,1,64.41796875,0.0,0.0,0,23,0.0,0.0,0.24609375,1.421875,28.32421875,0.0
33.51563286781311,13.762391614274263,8.617429977905955,1,64.41796875,0.0,0.0,0,23,0.0,0.0,0.24609375,1.421875,28.32421875,0.0
33.616180419921875,13.841300717287664,8.61055087212157,1,64.41796875,9.9,0.0,0,23,0.0,0.0,0.24609375,1.421875,28.32421875,9.9
33.71575880050659,13.905131094675669,8.618054816519782,1,64.41796875,0.0,0.0,0,23,0.0,0.0,0.24609375,1.421875,28.32421875,0.0
33.81565546989441,13.974235587424578,8.627043339107226,1,64.41796875,10.1,0.0,0,23,0.0,0.0,0.24609375,1.421875,28.32421875,10.1
33.91579604148865,14.067790188135348,8.640216769663388,1,64.41796875,0.0,0.0,0,23,0.0,0.0,0.24609375,1.421875,28.32421875,0.0
34.01580619812012,14.134891185796862,8.643092840728972,1,64.41796875,10.0,0.0,0,23,0.0,0.0,0.24609375,1.421875,28.32421875,10.0
34.11564826965332,14.229241883529703,8.637892026272334,1,64.41796875,0.0,0.0,0,24,0.0,0.0,0.24609375,1.421875,28.32421875,0.0
34.21578907966614,14.270845993447216,8.65010638173187,1,64.41796875,10.0,0.0,0,24,0.0,0.0390625,0.24609375,1.4609375,28.32421875,10.0
34.316213607788086,14.356835402840291,8.680894664653602,1,64.41796875,0.0,0.0,0,24,0.0,0.0,0.24609375,1.4609375,28.32421875,0.0
34.41592478752136,14.431535277689036,8.690861464899507,1,64.41796875,10.0,0.0,0,24,0.0,0.0,0.24609375,1.4609375,28.32421875,10.0
34.51630902290344,14.515721059988246,8.71566071817677,1,64.41796875,0.0,0.0,0,24,0.0,0.0,0.24609375,1.4609375,28.32421875,0.0
34.6157386302948,14.610189599489466,8.76909277906269,1,64.41796875,10.1,0.0,0,24,0.0,0.0,0.24609375,1.4609375,28.32421875,10.1
34.715917348861694,14.649721983975791,8.804989987945609,1,64.41796875,0.0,0.0,0,24,0.0,0.0,0.24609375,1.4609375,28.32421875,0.0
34.81589221954346,14.75826693602772,8.843025421259199,1,64.41796875,0.0,0.0,0,24,0.0,0.0,0.24609375,1.4609375,28.32421875,0.0
34.916248083114624,14.81094304234643,8.883202393041646,1,64.41796875,19.9,0.0,0,24,0.0,0.0,0.24609375,1.4609375,28.32421875,19.9
35.01569604873657,14.901973384815484,8.923620902732011,1,64.41796875,0.0,0.0,0,24,0.0,0.0,0.24609375,1.4609375,28.32421875,0.0
35.11561918258667,14.99906735601582,8.959217566434683,1,64.41796875,0.0,0.0,0,24,0.0,0.0,0.24609375,1.4609375,28.32421875,0.0
35.21600270271301,15.040924005824728,8.993376739005527,1,64.41796875,0.0,0.0,0,24,0.0,0.0,0.24609375,1.4609375,28.32421875,0.0
35.31621766090393,15.169728538366995,9.056453631994579,1,64.41796875,19.9,0.0,0,24,0.0,0.0,0.24609375,1.4609375,28.32421875,19.9
35.41575741767883,15.159934194146215,9.073635759691848,1,64.41796875,0.0,0.0,0,24,0.0,0.0,0.24609375,1.4609375,28.32421875,0.0
35.51594924926758,15.26259581695303,9.113787086523315,1,64.41796875,0.0,0.0,0,24,0.0,0.0,0.24609375,1.4609375,28.32421875,0.0
35.61571025848389,15.338846315202767,9.132153454258004,1,64.41796875,0.0,0.0,0,24,0.0,0.0,0.24609375,1.4609375,28.32421875,0.0
35.71598792076111,15.416503572900032,9.17029842004172,1,64.41796875,19.9,0.0,0,24,0.0,0.0,0.24609375,1.4609375,28.32421875,19.9
35.81571316719055,15.449428041708217,9.190662533201928,1,64.41796875,0.0,0.0,0,24,0.0,0.0,0.24609375,1.4609375,28.32421875,0.0
35.91579484939575,15.56047897758624,9.255202145453099,1,64.41796875,0.0,0.0,0,24,0.0,0.0,0.24609375,1.4609375,28.32421875,0.0
36.016440629959106,15.600781099261646,9.286655303992339,1,64.41796875,9.9,0.0,0,24,0.0,0.0,0.24609375,1.4609375,28.32421875,9.9
36.11572766304016,15.662237482238933,9.335222818342464,1,64.41796875,0.0,0.0,0,25,0.0,0.0,0.24609375,1.4609375,28.32421875,0.0
36.2157187461853,15.747835670867524,9.38220944379039,1,64.41796875,0.0,0.0,0,25,0.0,0.0,0.24609375,1.4609375,28.32421875,0.0
36.31582236289978,15.822678128254786,9.427443692293298,1,64.41796875,19.9,0.0,0,25,0.0,0.0,0.24609375,1.4609375,28.32421875,19.9
36.41582679748535,15.871560837297215,9.478276516249153,1,64.41796875,0.0,0.0,0,25,0.0078125,0.0,0.25390625,1.4609375,28.32421875,0.0
36.51574754714966,15.942223166724977,9.537154744632296,1,64.41796875,0.0,0.0,0,25,0.0,0.0,0.25390625,1.4609375,28.32421875,0.0
36.61611771583557,15.998507370287493,9.578948234410099,1,64.41796875,0.0,0.0,0,25,0.0,0.0,0.25390625,1.4609375,28.32421875,0.0
36.71567153930664,16.07134536712972,9.635924389558653,1,64.41796875,10.1,0.0,0,25,0.0,0.0,0.25390625,1.4609375,28.32421875,10.1
36.81621170043945,16.135145301553482,9.6939902569214,1,64.41796875,9.9,0.0,0,25,0.0,0.0,0.25390625,1.4609375,28.32421875,9.9
36.91631317138672,16.200743124925516,9.751121728253867,1,64.41796875,0.0,0.0,0,25,0.0,0.0,0.25390625,1.4609375,28.32421875,0.0
37.015704870224,16.25613653900043,9.798562073245916,1,64.41796875,0.0,0.0,0,25,0.0,0.0,0.25390625,1.4609375,28.32421875,0.0
37.11571907997131,16.331263711461197,9.849634392862306,1,64.41796875,10.0,0.0,0,25,0.0,0.0,0.25390625,1.4609375,28.32421875,10.0
37.21562480926514,16.40396334545312,9.902645696652115,1,64.41796875,10.0,0.0,0,25,0.0,0.0,0.25390625,1.4609375,28.32421875,10.0
37.31572151184082,16.44525659422485,9.947185216432029,1,64.41796875,0.0,0.0,0,25,0.0,0.0,0.25390625,1.4609375,28.32421875,0.0
37.4157509803772,16.51547715171501,10.00267623746368,1,64.41796875,0.0,0.0,0,25,0.0,0.0,0.25390625,1.4609375,28.32421875,0.0
37.51569581031799,16.575735318717573,10.047365210359667,1,64.41796875,0.0,0.0,0,25,0.0,0.0,0.25390625,1.4609375,28.32421875,0.0
37.616053342819214,16.650445818188093,10.085412856418886,1,64.41796875,19.9,0.0,0,25,0.0,0.0,0.25390625,1.4609375,28.32421875,19.9
37.71576499938965,16.726657063312537,10.121806698054405,1,64.41796875,0.0,0.0,0,25,0.0,0.0,0.25390625,1.4609375,28.32421875,0.0
37.815621852874756,16.813521629246434,10.165397817209636,1,64.41796875,0.0,0.0,0,25,0.0,0.0,0.25390625,1.4609375,28.32421875,0.0
37.91568398475647,16.878370144936248,10.169473524100956,1,64.41796875,0.0,0.0,0,25,0.0,0.0,0.25390625,1.4609375,28.32421875,0.0
38.01559400558472,16.941733328929462,10.163596657670661,1,64.41796875,10.0,0.0,0,25,0.0,0.0,0.25390625,1.4609375,28.32421875,10.0
38.115626096725464,17.029793778928113,10.185412827277819,1,64.41796875,0.0,0.0,0,26,0.0,0.0,0.25390625,1.4609375,28.32421875,0.0
38.21562695503235,17.10181410776975,10.176419017961166,1,64.41796875,10.0,0.0,0,26,0.0,0.0,0.25390625,1.4609375,28.32421875,10.0
38.31563210487366,17.20313785797977,10.181516452468214,1,64.41796875,10.0,0.0,0,26,0.0,0.0,0.25390625,1.4609375,28.32421875,10.0
38.41593337059021,17.216545109522414,10.141422758667279,1,64.41796875,0.0,0.0,0,26,0.0,0.03515625,0.25390625,1.49609375,28.32421875,0.0
38.51569867134094,17.251663492238485,10.131550377129368,1,64.41796875,0.0,0.0,0,26,0.0,0.0,0.25390625,1.49609375,28.32421875,0.0
38.61579418182373,17.250089698863547,10.131214785562147,1,64.41796875,0.0,0.0,0,26,0.0,0.0,0.25390625,1.49609375,28.32421875,0.0
38.715734243392944,17.36468378974935,10.130770560296158,1,64.41796875,20.0,0.0,0,26,0.0,0.0,0.25390625,1.49609375,28.32421875,20.0
38.81582832336426,17.47975711966806,10.154629963560765,1,64.41796875,0.0,0.0,0,26,0.0,0.0,0.25390625,1.49609375,28.32421875,0.0
38.91562080383301,17.570713089919074,10.163847976659387,1,64.41796875,0.0,0.0,0,26,0.0,0.0,0.25390625,1.49609375,28.32421875,0.0
39.015743017196655,17.655895385999475,10.152546042608181,1,64.41796875,0.0,0.0,0,26,0.0,0.0,0.25390625,1.49609375,28.32421875,0.0
39.115678548812866,17.70169822455342,10.17671560968602,1,64.42578125,20.0,0.0,0,26,0.0,0.0,0.25390625,1.49609375,28.33203125,20.0
39.21589207649231,17.776373972601426,10.162583549200042,1,64.43359375,0.0,0.0,0,26,0.0,0.0,0.25390625,1.49609375,28.33984375,0.0
39.315797567367554,17.85391882357951,10.164496355705014,1,64.43359375,0.0,0.0,0,26,0.0,0.0,0.25390625,1.49609375,28.33984375,0.0
39.415663719177246,17.911144891336757,10.162514370775796,1,64.43359375,0.0,0.0,0,26,0.0,0.0,0.25390625,1.49609375,28.33984375,0.0
39.51563048362732,18.04031168483821,10.148435602223458,1,64.43359375,20.1,0.0,0,26,0.0,0.0,0.25390625,1.49609375,28.33984375,20.1
39.6157283782959,18.139416639809124,10.127905104008521,1,64.43359375,0.0,0.0,0,26,0.0,0.0,0.25390625,1.49609375,28.33984375,0.0
39.715696573257446,18.200381725689255,10.127286651223363,1,64.43359375,0.0,0.0,0,26,0.0,0.0,0.25390625,1.49609375,28.33984375,0.0
39.815635681152344,18.28286657775172,10.11234312743343,1,64.43359375,0.0,0.0,0,26,0.0,0.08203125,0.25390625,1.578125,28.33984375,0.0
39.91562104225159,18.340898024806055,10.100611172636265,1,64.43359375,10.0,0.0,0,26,0.0,0.0,0.25390625,1.578125,28.33984375,10.0
40.01603984832764,18.442323474744782,10.087389081284742,1,64.4375,0.0,0.0,0,26,0.0,0.0,0.25390625,1.578125,28.34375,0.0
40.11565828323364,18.52195379000215,10.093059387024562,1,64.4375,10.1,0.0,0,27,0.0,0.0,0.25390625,1.578125,28.34375,10.1
40.215534687042236,18.624701787275566,10.067678674637657,1,64.4375,0.0,0.0,0,27,0.0,0.0,0.25390625,1.578125,28.34375,0.0
40.31571698188782,18.75927857609998,10.070428615597033,1,64.4375,10.0,0.0,0,27,0.0,0.0,0.25390625,1.578125,28.34375,10.0
40.41573524475098,18.83298471686658,10.075099780907209,1,64.4375,10.0,0.0,0,27,0.0,0.0,0.25390625,1.578125,28.34375,10.0
40.51570749282837,18.967447493906626,10.058172637659162,1,64.4375,0.0,0.0,0,27,0.0,0.0,0.25390625,1.578125,28.34375,0.0
40.61572504043579,19.06139015228884,10.038732610034769,1,64.4375,0.0,0.0,0,27,0.0,0.0,0.25390625,1.578125,28.34375,0.0
40.71568775177002,19.117808143881835,10.024325816897049,1,64.4375,0.0,0.0,0,27,0.0,0.0,0.25390625,1.578125,28.34375,0.0
40.815645933151245,19.191415750739534,9.985094681988523,1,64.4375,20.0,0.0,0,27,0.0,0.0,0.25390625,1.578125,28.34375,20.0
40.91576957702637,19.287626249812313,9.965601688274242,1,64.4375,0.0,0.0,0,27,0.05078125,0.13671875,0.3046875,1.71484375,28.34375,0.0
41.01588439941406,19.37223625306106,9.948089550794766,1,64.4375,0.0,0.0,0,27,0.61328125,0.0,0.91796875,1.71484375,28.34375,0.0
41.115689277648926,19.476277975495186,9.929054477331155,1,64.4375,0.0,0.0,0,28,0.0,0.0,0.91796875,1.71484375,28.34375,0.0
41.21581554412842,19.575389039702205,9.903525047037506,1,64.4375,10.0,0.0,0,28,0.0,0.0,0.91796875,1.71484375,28.34375,10.0
41.315871238708496,19.672609879915814,9.893719909123567,1,64.4375,0.0,0.0,0,28,0.0,0.0,0.91796875,1.71484375,28.34375,0.0
41.41567897796631,19.75365285231989,9.86875969337057,1,64.4375,10.0,0.0,0,28,0.0,0.0,0.91796875,1.71484375,28.34375,10.0
41.515686988830566,19.863744245267863,9.870292832297983,1,64.4375,0.0,0.0,0,28,0.0,0.0,0.91796875,1.71484375,28.34375,0.0
41.615925788879395,19.911471676056838,9.865697374342384,1,64.4375,10.0,0.0,0,28,0.0,0.0,0.91796875,1.71484375,28.34375,10.0
41.715855836868286,20.013515237882743,9.847517250987753,1,64.4375,0.0,0.0,0,28,0.0,0.0,0.91796875,1.71484375,28.34375,0.0
41.81566262245178,20.06258665763509,9.830487382680099,1,64.4375,0.0,0.0,0,28,0.0,0.0,0.91796875,1.71484375,28.34375,0.0
41.91564178466797,20.169489841933444,9.807102745651214,1,64.4375,10.0,0.0,0,28,0.0,0.0,0.91796875,1.71484375,28.34375,10.0
42.016103744506836,20.245641383549557,9.774846115577105,1,64.4375,9.9,0.0,0,28,0.0,0.0,0.91796875,1.71484375,28.34375,9.9
42.115623474121094,20.34039746257395,9.764688206910419,1,64.4375,0.0,0.0,0,29,0.0234375,0.1015625,0.94140625,1.81640625,28.34375,0.0
42.21564340591431,20.426047189480467,9.748981214759903,1,64.4375,0.0,0.0,0,29,0.0,0.0,0.94140625,1.81640625,28.34375,0.0
42.315720558166504,20.505916932684716,9.741235073988339,1,64.4375,10.0,0.0,0,29,0.0,0.0,0.94140625,1.81640625,28.34375,10.0
42.416059494018555,20.562865810682013,9.714598524413942,1,64.4375,0.0,0.0,0,29,0.0,0.0,0.94140625,1.81640625,28.34375,0.0
42.5157425403595,20.614356198026996,9.695489791357044,1,64.4375,0.0,0.0,0,29,0.0,0.0,0.94140625,1.81640625,28.34375,0.0
42.61576008796692,20.775086602408173,9.694293046332655,1,64.4375,20.0,0.0,0,29,0.078125,0.0,1.01953125,1.81640625,28.34375,20.0
42.715816259384155,20.884955042759888,9.674746459391622,1,64.4375,0.0,0.0,0,29,0.0,0.0,1.01953125,1.81640625,28.34375,0.0
42.81558799743652,20.92990295414916,9.650626881526609,1,64.4375,0.0,0.0,0,29,0.0,0.0,1.01953125,1.81640625,28.34375,0.0
42.91563177108765,20.9928489587843,9.628136818012209,1,64.4375,0.0,0.0,0,29,0.0,0.0,1.01953125,1.81640625,28.34375,0.0
43.0156364440918,21.078179375197593,9.620529524110687,1,64.4375,19.9,0.0,0,29,0.0,0.0,1.01953125,1.81640625,28.34375,19.9
43.11578440666199,21.173463620685943,9.605097251865983,1,64.4375,0.0,0.0,0,29,0.0,0.0,1.01953125,1.81640625,28.34375,0.0
43.21581053733826,21.243724910457093,9.575323318284088,1,64.4375,0.0,0.0,0,29,0.0,0.0,1.01953125,1.81640625,28.34375,0.0
43.31607508659363,21.30534716612635,9.554613472664528,1,64.4375,0.0,0.0,0,29,0.0,0.0,1.01953125,1.81640625,28.34375,0.0
43.41595983505249,21.334622116343706,9.518847212160972,1,64.4375,10.0,0.0,0,29,0.0,0.0,1.01953125,1.81640625,28.34375,10.0
43.51566433906555,21.387522085500308,9.510792158862676,1,64.4375,10.0,0.0,0,29,0.0,0.0,1.01953125,1.81640625,28.34375,10.0
43.61560606956482,21.463939727967972,9.501009139868785,1,64.4375,0.0,0.0,0,29,0.0,0.0,1.01953125,1.81640625,28.34375,0.0
43.71578311920166,21.53309775935508,9.494626146098948,1,64.4375,0.0,0.0,0,29,0.0,0.0,1.01953125,1.81640625,28.34375,0.0
43.81566619873047,21.595796056870903,9.485942741935895,1,64.4375,10.0,0.0,0,29,0.0,0.0,1.01953125,1.81640625,28.34375,10.0
43.915982484817505,21.65452015499438,9.474025775153406,1,64.4375,0.0,0.0,0,29,0.0,0.00390625,1.01953125,1.8203125,28.34375,0.0
44.01568150520325,21.723054820192,9.483225880609771,1,64.4375,10.1,0.0,0,29,0.0,0.0,1.01953125,1.8203125,28.34375,10.1
44.11569118499756,21.748864662883502,9.467983869190462,1,64.4375,0.0,0.0,0,30,0.0,0.0,1.01953125,1.8203125,28.34375,0.0
44.21585440635681,21.76703386259579,9.456876821059243,1,64.4375,0.0,0.0,0,30,0.0,0.0,1.01953125,1.8203125,28.34375,0.0
44.316434383392334,21.790864551250472,9.44769492785694,1,64.4375,9.9,0.0,0,30,0.0,0.0,1.01953125,1.8203125,28.34375,9.9
44.41616773605347,21.775690551880192,9.425556548850619,1,64.4375,0.0,0.0,0,30,0.0,0.0,1.01953125,1.8203125,28.34375,0.0
44.51571798324585,21.797428300451887,9.4308173742595,1,64.4375,10.0,0.0,0,30,0.0,0.0,1.01953125,1.8203125,28.34375,10.0
44.61581206321716,21.844041859378184,9.456250045278384,1,64.4375,0.0,0.0,0,30,0.0,0.890625,1.01953125,2.7109375,28.34375,0.0
44.7159583568573,21.837007265253554,9.435226160487808,1,64.4375,10.0,0.0,0,30,0.125,0.31640625,1.14453125,3.02734375,28.34375,10.0
44.81624150276184,21.804941708725206,9.401900023580545,1,64.4375,0.0,0.0,0,30,0.0,0.0,1.14453125,3.02734375,28.34375,0.0
44.915961265563965,21.781427507347274,9.387001360066627,1,64.4375,10.0,0.0,0,30,0.0,0.00390625,1.14453125,3.03125,28.34375,10.0
45.01583766937256,21.790838857164772,9.395826634858714,1,64.4375,10.1,0.0,0,30,0.0,0.0,1.14453125,3.03125,28.34375,10.1
45.115602016448975,21.81100111630462,9.412609133138833,1,64.4375,0.0,0.0,0,31,0.0,0.0,1.14453125,3.03125,28.34375,0.0
45.215603828430176,21.806019715503915,9.415115958264481,1,64.4375,10.0,0.0,0,31,0.0,0.0,1.14453125,3.03125,28.34375,10.0
45.3160936832428,21.801159602484802,9.415079343369293,1,64.4375,0.0,0.0,0,31,0.0,0.0,1.14453125,3.03125,28.34375,0.0
45.41568470001221,21.7939311208517,9.414335063815212,1,64.4375,10.1,0.0,0,31,0.0,0.0,1.14453125,3.03125,28.34375,10.1
45.515957832336426,21.784834448258064,9.406057646865538,1,64.4375,0.0,0.0,0,31,0.0,0.0,1.14453125,3.03125,28.34375,0.0
45.61584162712097,21.8077897432231,9.426452803337856,1,64.4375,0.0,0.0,0,31,0.0,0.0,1.14453125,3.03125,28.34375,0.0
45.715821981430054,21.813882768406835,9.4280955486071,1,64.4375,0.0,0.0,0,31,0.0,0.0,1.14453125,3.03125,28.34375,0.0
45.81583619117737,21.794160227267827,9.414099598049749,1,64.4375,20.0,0.0,0,31,0.0,0.0,1.14453125,3.03125,28.34375,20.0
45.91589713096619,21.768145320992318,9.400253335936819,1,64.48828125,10.0,0.0,0,31,0.02734375,0.00390625,1.171875,3.03515625,28.39453125,10.0
46.0156934261322,21.768145320992318,9.400253335936819,1,64.62890625,40.2,0.0,0,31,0.0,0.0078125,1.171875,3.04296875,28.53515625,40.2
46.11574411392212,21.768145320992318,9.400253335936819,1,63.89453125,39.9,0.0,0,31,0.0,0.0,1.171875,3.04296875,27.80078125,39.9
46.21574139595032,21.768145320992318,9.400253335936819,1,63.953125,20.0,0.0,0,31,0.015625,0.0,1.1875,3.04296875,27.859375,20.0
46.31554818153381,21.768145320992318,9.400253335936819,1,63.96875,10.0,0.0,0,31,0.0,0.0,1.1875,3.04296875,27.875,10.0
46.41584134101868,21.768145320992318,9.400253335936819,1,63.9765625,0.0,0.0,0,31,0.0,0.0,1.1875,3.04296875,27.8828125,0.0
46.51615118980408,21.768145320992318,9.400253335936819,1,63.9765625,0.0,0.0,0,31,0.0,2.33203125,1.1875,5.375,27.8828125,0.0
46.61580038070679,21.768145320992318,9.400253335936819,1,63.98046875,10.0,0.0,0,31,0.0078125,0.3671875,1.1953125,5.7421875,27.88671875,10.0
46.71560502052307,21.768145320992318,9.400253335936819,1,63.98046875,0.0,0.0,0,31,0.0,0.0,1.1953125,5.7421875,27.88671875,0.0
46.81568789482117,21.768145320992318,9.400253335936819,1,64.015625,10.0,0.0,0,31,0.0,0.0,1.1953125,5.7421875,27.921875,10.0
46.91561317443848,21.768145320992318,9.400253335936819,1,64.01953125,0.0,0.0,0,31,0.0,0.0,1.1953125,5.7421875,27.92578125,0.0
47.01558518409729,21.768145320992318,9.400253335936819,1,64.0234375,10.0,0.0,0,31,0.0,0.0,1.1953125,5.7421875,27.9296875,10.0
47.115814208984375,21.768145320992318,9.400253335936819,1,64.0234375,0.0,0.0,0,31,0.0,0.0,1.1953125,5.7421875,27.9296875,0.0
47.215627670288086,21.768145320992318,9.400253335936819,1,64.0234375,0.0,0.0,0,31,0.0,0.0,1.1953125,5.7421875,27.9296875,0.0
47.31573534011841,21.768145320992318,9.400253335936819,1,64.0234375,0.0,0.0,0,31,0.0,0.0,1.1953125,5.7421875,27.9296875,0.0
47.415995597839355,21.768145320992318,9.400253335936819,1,64.0234375,0.0,0.0,0,31,0.0,0.0,1.1953125,5.7421875,27.9296875,0.0
47.5158965587616,21.768145320992318,9.400253335936819,1,64.0234375,0.0,0.0,0,31,0.0,0.0,1.1953125,5.7421875,27.9296875,0.0
47.61598181724548,21.768145320992318,9.400253335936819,1,64.0234375,0.0,0.0,0,31,0.0,0.0,1.1953125,5.7421875,27.9296875,0.0
47.715651750564575,21.768145320992318,9.400253335936819,1,64.0234375,0.0,0.0,0,31,0.0,0.0,1.1953125,5.7421875,27.9296875,0.0
47.81593346595764,21.768145320992318,9.400253335936819,1,64.0234375,0.0,0.0,0,31,0.0,0.0,1.1953125,5.7421875,27.9296875,0.0
47.91597270965576,21.768145320992318,9.400253335936819,1,64.0234375,0.0,0.0,0,31,0.0,0.0,1.1953125,5.7421875,27.9296875,0.0
48.015801429748535,21.768145320992318,9.400253335936819,1,63.0703125,30.0,0.0,0,31,0.0,0.0,1.1953125,5.7421875,26.9296875,20.0
48.115808725357056,21.768145320992318,9.400253335936819,1,63.0703125,0.0,0.0,0,31,0.0,0.0,1.1953125,5.7421875,26.9296875,0.0
48.21590995788574,21.768145320992318,9.400253335936819,1,63.07421875,20.0,0.0,0,31,0.0,0.0,1.1953125,5.7421875,26.93359375,20.0
48.315651178359985,21.768145320992318,9.400253335936819,1,36.33984375,10.0,0.0,0,31,0.0,0.0,1.1953125,5.7421875,36.33984375,10.0
48.41598129272461,21.768145320992318,9.400253335936819,1,0.0,0.0,0.0,0,31,0.0,0.03515625,1.1953125,5.77734375,,
48.51598787307739,21.768145320992318,9.400253335936819,1,0.0,0.0,0.0,0,31,0.0,0.0,1.1953125,5.77734375,,
48.615928411483765,21.768145320992318,9.400253335936819,1,0.0,0.0,0.0,0,31,0.0,0.0,1.1953125,5.77734375,,
48.715599060058594,21.768145320992318,9.400253335936819,1,0.0,0.0,0.0,0,31,0.0,0.0,1.1953125,5.77734375,,
48.815744161605835,21.768145320992318,9.400253335936819,1,0.0,0.0,0.0,0,31,0.0,0.0,1.1953125,5.77734375,,
48.915783405303955,21.768145320992318,9.400253335936819,1,0.0,0.0,0.0,0,31,0.0,0.0,1.1953125,5.77734375,,
49.01565074920654,21.768145320992318,9.400253335936819,1,0.0,0.0,0.0,0,31,0.0,0.0,1.1953125,5.77734375,,
49.11571455001831,21.768145320992318,9.400253335936819,1,0.0,0.0,0.0,0,31,0.0,0.0,1.1953125,5.77734375,,
49.21579551696777,21.768145320992318,9.400253335936819,1,0.0,0.0,0.0,0,31,0.0,0.0,1.1953125,5.77734375,,
49.3157913684845,21.768145320992318,9.400253335936819,1,0.0,0.0,0.0,0,31,0.0,0.0,1.1953125,5.77734375,,
49.41602301597595,21.768145320992318,9.400253335936819,1,0.0,0.0,0.0,0,31,0.0,0.0,1.1953125,5.77734375,,
49.51633429527283,21.768145320992318,9.400253335936819,1,0.0,0.0,0.0,0,31,0.0,0.0,1.1953125,5.77734375,,
49.616374254226685,21.768145320992318,9.400253335936819,1,0.0,0.0,0.0,0,31,0.0,0.0,1.1953125,5.77734375,,
49.71562361717224,21.768145320992318,9.400253335936819,1,0.0,0.0,0.0,0,31,0.0,0.0,1.1953125,5.77734375,,
49.8157000541687,21.768145320992318,9.400253335936819,1,0.0,0.0,0.0,0,31,0.0,0.0,1.1953125,5.77734375,,
49.916120290756226,21.768145320992318,9.400253335936819,1,0.0,0.0,0.0,0,31,0.0,0.0,1.1953125,5.77734375,,
50.016361713409424,21.768145320992318,9.400253335936819,1,0.0,0.0,0.0,0,31,0.0,0.0,1.1953125,5.77734375,,
50.116169691085815,21.768145320992318,9.400253335936819,1,0.0,0.0,0.0,0,31,0.0,0.2421875,1.1953125,6.01953125,,
